id,url,domain,category,priority,enabled
new-0001,https://akamai.net/,akamai.net,ranked-new-corpus,999992,true
new-0002,https://mail.ru/,mail.ru,ranked-new-corpus,999988,true
new-0003,https://dzen.ru/,dzen.ru,ranked-new-corpus,999984,true
new-0004,https://domaincontrol.com/,domaincontrol.com,ranked-new-corpus,999981,true
new-0005,https://akamaiedge.net/,akamaiedge.net,ranked-new-corpus,999977,true
new-0006,https://akadns.net/,akadns.net,ranked-new-corpus,999974,true
new-0007,https://gtld-servers.net/,gtld-servers.net,ranked-new-corpus,999973,true
new-0008,https://trafficmanager.net/,trafficmanager.net,ranked-new-corpus,999958,true
new-0009,https://gandi.net/,gandi.net,ranked-new-corpus,999956,true
new-0010,https://youtu.be/,youtu.be,ranked-new-corpus,999955,true
new-0011,https://wordpress.org/,wordpress.org,ranked-new-corpus,999952,true
new-0012,https://x.com/,x.com,ranked-new-corpus,999950,true
new-0013,https://cloudfront.net/,cloudfront.net,ranked-new-corpus,999948,true
new-0014,https://goo.gl/,goo.gl,ranked-new-corpus,999947,true
new-0015,https://googledomains.com/,googledomains.com,ranked-new-corpus,999943,true
new-0016,https://cloudflare.net/,cloudflare.net,ranked-new-corpus,999942,true
new-0017,https://pv-cdn.net/,pv-cdn.net,ranked-new-corpus,999936,true
new-0018,https://wa.me/,wa.me,ranked-new-corpus,999930,true
new-0019,https://myfritz.net/,myfritz.net,ranked-new-corpus,999929,true
new-0020,https://nginx.org/,nginx.org,ranked-new-corpus,999928,true
new-0021,https://workers.dev/,workers.dev,ranked-new-corpus,999923,true
new-0022,https://akam.net/,akam.net,ranked-new-corpus,999921,true
new-0023,https://root-servers.net/,root-servers.net,ranked-new-corpus,999918,true
new-0024,https://edgekey.net/,edgekey.net,ranked-new-corpus,999917,true
new-0025,https://blogspot.com/,blogspot.com,ranked-new-corpus,999906,true
new-0026,https://nginx.com/,nginx.com,ranked-new-corpus,999904,true
new-0027,https://edgesuite.net/,edgesuite.net,ranked-new-corpus,999902,true
new-0028,https://capgemini.com/,capgemini.com,ranked-new-corpus,999900,true
new-0029,https://wordpress.com/,wordpress.com,ranked-new-corpus,999899,true
new-0030,https://achmea.nl/,achmea.nl,ranked-new-corpus,999898,true
new-0031,https://actify.nl/,actify.nl,ranked-new-corpus,999897,true
new-0032,https://t.me/,t.me,ranked-new-corpus,999896,true
new-0033,https://f5.com/,f5.com,ranked-new-corpus,999895,true
new-0034,https://ui.com/,ui.com,ranked-new-corpus,999891,true
new-0035,https://nic.ru/,nic.ru,ranked-new-corpus,999890,true
new-0036,https://aws.dev/,aws.dev,ranked-new-corpus,999888,true
new-0037,https://yccdn.ru/,yccdn.ru,ranked-new-corpus,999887,true
new-0038,https://europa.eu/,europa.eu,ranked-new-corpus,999885,true
new-0039,https://bit.ly/,bit.ly,ranked-new-corpus,999884,true
new-0040,https://okcdn.ru/,okcdn.ru,ranked-new-corpus,999882,true
new-0041,https://github.io/,github.io,ranked-new-corpus,999881,true
new-0042,https://registrar-servers.com/,registrar-servers.com,ranked-new-corpus,999878,true
new-0043,https://vk.com/,vk.com,ranked-new-corpus,999877,true
new-0044,https://afternic.com/,afternic.com,ranked-new-corpus,999874,true
new-0045,https://apache.org/,apache.org,ranked-new-corpus,999872,true
new-0046,https://trbcdn.net/,trbcdn.net,ranked-new-corpus,999869,true
new-0047,https://dnsowl.com/,dnsowl.com,ranked-new-corpus,999866,true
new-0048,https://vkuserphoto.ru/,vkuserphoto.ru,ranked-new-corpus,999865,true
new-0049,https://intuit.com/,intuit.com,ranked-new-corpus,999864,true
new-0050,https://kaspersky.com/,kaspersky.com,ranked-new-corpus,999861,true
new-0051,https://nih.gov/,nih.gov,ranked-new-corpus,999860,true
new-0052,https://iiko.it/,iiko.it,ranked-new-corpus,999858,true
new-0053,https://miit.gov.cn/,miit.gov.cn,ranked-new-corpus,999856,true
new-0054,https://reg.ru/,reg.ru,ranked-new-corpus,999854,true
new-0055,https://azurefd.net/,azurefd.net,ranked-new-corpus,999853,true
new-0056,https://forms.gle/,forms.gle,ranked-new-corpus,999852,true
new-0057,https://archive.org/,archive.org,ranked-new-corpus,999850,true
new-0058,https://steamserver.net/,steamserver.net,ranked-new-corpus,999847,true
new-0059,https://one.one/,one.one,ranked-new-corpus,999846,true
new-0060,https://nytimes.com/,nytimes.com,ranked-new-corpus,999845,true
new-0061,https://tumblr.com/,tumblr.com,ranked-new-corpus,999841,true
new-0062,https://jomodns.com/,jomodns.com,ranked-new-corpus,999838,true
new-0063,https://vedcdnlb.com/,vedcdnlb.com,ranked-new-corpus,999835,true
new-0064,https://dns-parking.com/,dns-parking.com,ranked-new-corpus,999832,true
new-0065,https://example.com/,example.com,ranked-new-corpus,999828,true
new-0066,https://azurewebsites.net/,azurewebsites.net,ranked-new-corpus,999825,true
new-0067,https://vk.ru/,vk.ru,ranked-new-corpus,999824,true
new-0068,https://mts.ru/,mts.ru,ranked-new-corpus,999823,true
new-0069,https://soundcloud.com/,soundcloud.com,ranked-new-corpus,999821,true
new-0070,https://macromedia.com/,macromedia.com,ranked-new-corpus,999819,true
new-0071,https://flickr.com/,flickr.com,ranked-new-corpus,999818,true
new-0072,https://namebrightdns.com/,namebrightdns.com,ranked-new-corpus,999817,true
new-0073,https://telekom.net/,telekom.net,ranked-new-corpus,999815,true
new-0074,https://w3.org/,w3.org,ranked-new-corpus,999813,true
new-0075,https://bytefcdn-oversea.com/,bytefcdn-oversea.com,ranked-new-corpus,999812,true
new-0076,https://hichina.com/,hichina.com,ranked-new-corpus,999810,true
new-0077,https://creativecommons.org/,creativecommons.org,ranked-new-corpus,999807,true
new-0078,https://medium.com/,medium.com,ranked-new-corpus,999806,true
new-0079,https://cnn.com/,cnn.com,ranked-new-corpus,999804,true
new-0080,https://theguardian.com/,theguardian.com,ranked-new-corpus,999802,true
new-0081,https://shifen.com/,shifen.com,ranked-new-corpus,999797,true
new-0082,https://pages.dev/,pages.dev,ranked-new-corpus,999796,true
new-0083,https://doi.org/,doi.org,ranked-new-corpus,999795,true
new-0084,https://t-online.de/,t-online.de,ranked-new-corpus,999794,true
new-0085,https://ksyuncdn.com/,ksyuncdn.com,ranked-new-corpus,999793,true
new-0086,https://forbes.com/,forbes.com,ranked-new-corpus,999792,true
new-0087,https://bbc.com/,bbc.com,ranked-new-corpus,999790,true
new-0088,https://duckdns.org/,duckdns.org,ranked-new-corpus,999789,true
new-0089,https://playstation.net/,playstation.net,ranked-new-corpus,999786,true
new-0090,https://ack.de/,ack.de,ranked-new-corpus,999785,true
new-0091,https://sciencedirect.com/,sciencedirect.com,ranked-new-corpus,999784,true
new-0092,https://fastly-edge.com/,fastly-edge.com,ranked-new-corpus,999783,true
new-0093,https://twitch.tv/,twitch.tv,ranked-new-corpus,999782,true
new-0094,https://mit.edu/,mit.edu,ranked-new-corpus,999781,true
new-0095,https://researchgate.net/,researchgate.net,ranked-new-corpus,999779,true
new-0096,https://ebay.com/,ebay.com,ranked-new-corpus,999778,true
new-0097,https://cdngslb.com/,cdngslb.com,ranked-new-corpus,999776,true
new-0098,https://akamaized.net/,akamaized.net,ranked-new-corpus,999775,true
new-0099,https://userapi.com/,userapi.com,ranked-new-corpus,999774,true
new-0100,https://ozon.ru/,ozon.ru,ranked-new-corpus,999773,true
new-0101,https://bbc.co.uk/,bbc.co.uk,ranked-new-corpus,999771,true
new-0102,https://ubuntu.com/,ubuntu.com,ranked-new-corpus,999770,true
new-0103,https://azureedge.net/,azureedge.net,ranked-new-corpus,999768,true
new-0104,https://cpanel.net/,cpanel.net,ranked-new-corpus,999767,true
new-0105,https://etsy.com/,etsy.com,ranked-new-corpus,999765,true
new-0106,https://comcast.net/,comcast.net,ranked-new-corpus,999762,true
new-0107,https://imcmdb.net/,imcmdb.net,ranked-new-corpus,999761,true
new-0108,https://wsdvs.com/,wsdvs.com,ranked-new-corpus,999760,true
new-0109,https://sourceforge.net/,sourceforge.net,ranked-new-corpus,999758,true
new-0110,https://rbxcdn.com/,rbxcdn.com,ranked-new-corpus,999757,true
new-0111,https://ailawandorder.com/,ailawandorder.com,ranked-new-corpus,999751,true
new-0112,https://ripn.net/,ripn.net,ranked-new-corpus,999750,true
new-0113,https://telegram.org/,telegram.org,ranked-new-corpus,999749,true
new-0114,https://roku.com/,roku.com,ranked-new-corpus,999748,true
new-0115,https://booking.com/,booking.com,ranked-new-corpus,999744,true
new-0116,https://alibabadns.com/,alibabadns.com,ranked-new-corpus,999741,true
new-0117,https://name-services.com/,name-services.com,ranked-new-corpus,999740,true
new-0118,https://imdb.com/,imdb.com,ranked-new-corpus,999738,true
new-0119,https://who.int/,who.int,ranked-new-corpus,999737,true
new-0120,https://alidns.com/,alidns.com,ranked-new-corpus,999736,true
new-0121,https://wixsite.com/,wixsite.com,ranked-new-corpus,999734,true
new-0122,https://launchpad.net/,launchpad.net,ranked-new-corpus,999733,true
new-0123,https://linktr.ee/,linktr.ee,ranked-new-corpus,999732,true
new-0124,https://ttvnw.net/,ttvnw.net,ranked-new-corpus,999731,true
new-0125,https://yandexcloud.net/,yandexcloud.net,ranked-new-corpus,999729,true
new-0126,https://ibm.com/,ibm.com,ranked-new-corpus,999728,true
new-0127,https://telecid.ru/,telecid.ru,ranked-new-corpus,999726,true
new-0128,https://mangosip.ru/,mangosip.ru,ranked-new-corpus,999725,true
new-0129,https://amon.tech/,amon.tech,ranked-new-corpus,999724,true
new-0130,https://spov-msedge.net/,spov-msedge.net,ranked-new-corpus,999722,true
new-0131,https://reuters.com/,reuters.com,ranked-new-corpus,999721,true
new-0132,https://aliyuncsslbintl.com/,aliyuncsslbintl.com,ranked-new-corpus,999720,true
new-0133,https://springer.com/,springer.com,ranked-new-corpus,999718,true
new-0134,https://tinyurl.com/,tinyurl.com,ranked-new-corpus,999716,true
new-0135,https://telegram.me/,telegram.me,ranked-new-corpus,999714,true
new-0136,https://arubanetworks.com/,arubanetworks.com,ranked-new-corpus,999713,true
new-0137,https://dnsmadeeasy.com/,dnsmadeeasy.com,ranked-new-corpus,999712,true
new-0138,https://nature.com/,nature.com,ranked-new-corpus,999710,true
new-0139,https://drom.ru/,drom.ru,ranked-new-corpus,999709,true
new-0140,https://crpt.ru/,crpt.ru,ranked-new-corpus,999707,true
new-0141,https://weibo.com/,weibo.com,ranked-new-corpus,999702,true
new-0142,https://steampowered.com/,steampowered.com,ranked-new-corpus,999700,true
new-0143,https://gov.uk/,gov.uk,ranked-new-corpus,999699,true
new-0144,https://harvard.edu/,harvard.edu,ranked-new-corpus,999696,true
new-0145,https://alibaba.com/,alibaba.com,ranked-new-corpus,999694,true
new-0146,https://debian.org/,debian.org,ranked-new-corpus,999693,true
new-0147,https://ea.com/,ea.com,ranked-new-corpus,999688,true
new-0148,https://ok.ru/,ok.ru,ranked-new-corpus,999685,true
new-0149,https://wiley.com/,wiley.com,ranked-new-corpus,999684,true
new-0150,https://php.net/,php.net,ranked-new-corpus,999682,true
new-0151,https://samsungqbe.com/,samsungqbe.com,ranked-new-corpus,999680,true
new-0152,https://shalltry.com/,shalltry.com,ranked-new-corpus,999679,true
new-0153,https://douyincdn.com/,douyincdn.com,ranked-new-corpus,999678,true
new-0154,https://amazon.co.uk/,amazon.co.uk,ranked-new-corpus,999677,true
new-0155,https://googleblog.com/,googleblog.com,ranked-new-corpus,999676,true
new-0156,https://worldnic.com/,worldnic.com,ranked-new-corpus,999675,true
new-0157,https://vecdnlb.com/,vecdnlb.com,ranked-new-corpus,999674,true
new-0158,https://hostinger.com/,hostinger.com,ranked-new-corpus,999672,true
new-0159,https://myshopify.com/,myshopify.com,ranked-new-corpus,999671,true
new-0160,https://namecheap.com/,namecheap.com,ranked-new-corpus,999670,true
new-0161,https://akamaihd.net/,akamaihd.net,ranked-new-corpus,999669,true
new-0162,https://name.com/,name.com,ranked-new-corpus,999667,true
new-0163,https://trueconf.net/,trueconf.net,ranked-new-corpus,999666,true
new-0164,https://gnu.org/,gnu.org,ranked-new-corpus,999665,true
new-0165,https://bilibili.com/,bilibili.com,ranked-new-corpus,999662,true
new-0166,https://hostgator.com/,hostgator.com,ranked-new-corpus,999659,true
new-0167,https://trustpilot.com/,trustpilot.com,ranked-new-corpus,999656,true
new-0168,https://naver.com/,naver.com,ranked-new-corpus,999655,true
new-0169,https://wildberries.ru/,wildberries.ru,ranked-new-corpus,999653,true
new-0170,https://checkpoint.com/,checkpoint.com,ranked-new-corpus,999652,true
new-0171,https://edgcdn.net/,edgcdn.net,ranked-new-corpus,999650,true
new-0172,https://spaceweb.pro/,spaceweb.pro,ranked-new-corpus,999649,true
new-0173,https://un.org/,un.org,ranked-new-corpus,999648,true
new-0174,https://cdc.gov/,cdc.gov,ranked-new-corpus,999647,true
new-0175,https://weebly.com/,weebly.com,ranked-new-corpus,999644,true
new-0176,https://tradingview.com/,tradingview.com,ranked-new-corpus,999640,true
new-0177,https://washingtonpost.com/,washingtonpost.com,ranked-new-corpus,999638,true
new-0178,https://issuu.com/,issuu.com,ranked-new-corpus,999637,true
new-0179,https://selectel.ru/,selectel.ru,ranked-new-corpus,999636,true
new-0180,https://indeed.com/,indeed.com,ranked-new-corpus,999634,true
new-0181,https://wsj.com/,wsj.com,ranked-new-corpus,999633,true
new-0182,https://bloomberg.com/,bloomberg.com,ranked-new-corpus,999632,true
new-0183,https://live-video.net/,live-video.net,ranked-new-corpus,999630,true
new-0184,https://stanford.edu/,stanford.edu,ranked-new-corpus,999629,true
new-0185,https://calendly.com/,calendly.com,ranked-new-corpus,999628,true
new-0186,https://samsungcloudsolution.com/,samsungcloudsolution.com,ranked-new-corpus,999627,true
new-0187,https://mobile.de/,mobile.de,ranked-new-corpus,999626,true
new-0188,https://cookiedatabase.org/,cookiedatabase.org,ranked-new-corpus,999625,true
new-0189,https://cdnbuild.net/,cdnbuild.net,ranked-new-corpus,999623,true
new-0190,https://volcfcdndvs.com/,volcfcdndvs.com,ranked-new-corpus,999620,true
new-0191,https://plesk.com/,plesk.com,ranked-new-corpus,999619,true
new-0192,https://amazon.de/,amazon.de,ranked-new-corpus,999616,true
new-0193,https://gitlab.com/,gitlab.com,ranked-new-corpus,999615,true
new-0194,https://tp-link.com/,tp-link.com,ranked-new-corpus,999612,true
new-0195,https://yandex.com/,yandex.com,ranked-new-corpus,999610,true
new-0196,https://paloaltonetworks.com/,paloaltonetworks.com,ranked-new-corpus,999609,true
new-0197,https://bsky.app/,bsky.app,ranked-new-corpus,999606,true
new-0198,https://dnspod.net/,dnspod.net,ranked-new-corpus,999603,true
new-0199,https://rocket-cdn.com/,rocket-cdn.com,ranked-new-corpus,999602,true
new-0200,https://vivoglobal.com/,vivoglobal.com,ranked-new-corpus,999600,true
new-0201,https://kwai-pro.com/,kwai-pro.com,ranked-new-corpus,999599,true
new-0202,https://gandi-ns.fr/,gandi-ns.fr,ranked-new-corpus,999597,true
new-0203,https://netangels.ru/,netangels.ru,ranked-new-corpus,999596,true
new-0204,https://ezvizlife.com/,ezvizlife.com,ranked-new-corpus,999595,true
new-0205,https://aliexpress.com/,aliexpress.com,ranked-new-corpus,999594,true
new-0206,https://nasa.gov/,nasa.gov,ranked-new-corpus,999593,true
new-0207,https://xcal.tv/,xcal.tv,ranked-new-corpus,999589,true
new-0208,https://163.com/,163.com,ranked-new-corpus,999587,true
new-0209,https://unsplash.com/,unsplash.com,ranked-new-corpus,999586,true
new-0210,https://globo.com/,globo.com,ranked-new-corpus,999585,true
new-0211,https://heytapdl.com/,heytapdl.com,ranked-new-corpus,999584,true
new-0212,https://brave.com/,brave.com,ranked-new-corpus,999583,true
new-0213,https://mynetname.net/,mynetname.net,ranked-new-corpus,999582,true
new-0214,https://line.me/,line.me,ranked-new-corpus,999581,true
new-0215,https://tiktokv.eu/,tiktokv.eu,ranked-new-corpus,999580,true
new-0216,https://dailymotion.com/,dailymotion.com,ranked-new-corpus,999579,true
new-0217,https://supercell.com/,supercell.com,ranked-new-corpus,999578,true
new-0218,https://amazonalexa.com/,amazonalexa.com,ranked-new-corpus,999577,true
new-0219,https://expireddomains.com/,expireddomains.com,ranked-new-corpus,999576,true
new-0220,https://vkuser.net/,vkuser.net,ranked-new-corpus,999573,true
new-0221,https://steamcommunity.com/,steamcommunity.com,ranked-new-corpus,999572,true
new-0222,https://beian.gov.cn/,beian.gov.cn,ranked-new-corpus,999571,true
new-0223,https://kaspersky-labs.com/,kaspersky-labs.com,ranked-new-corpus,999569,true
new-0224,https://avcdn.net/,avcdn.net,ranked-new-corpus,999567,true
new-0225,https://taobao.com/,taobao.com,ranked-new-corpus,999566,true
new-0226,https://mi.com/,mi.com,ranked-new-corpus,999565,true
new-0227,https://enacdn.net/,enacdn.net,ranked-new-corpus,999563,true
new-0228,https://goodreads.com/,goodreads.com,ranked-new-corpus,999562,true
new-0229,https://kwaipros.com/,kwaipros.com,ranked-new-corpus,999561,true
new-0230,https://bluehost.com/,bluehost.com,ranked-new-corpus,999560,true
new-0231,https://dropcatch.com/,dropcatch.com,ranked-new-corpus,999558,true
new-0232,https://awsglobalaccelerator.com/,awsglobalaccelerator.com,ranked-new-corpus,999557,true
new-0233,https://twc.com/,twc.com,ranked-new-corpus,999556,true
new-0234,https://substack.com/,substack.com,ranked-new-corpus,999554,true
new-0235,https://chinamobile.com/,chinamobile.com,ranked-new-corpus,999553,true
new-0236,https://businessinsider.com/,businessinsider.com,ranked-new-corpus,999551,true
new-0237,https://cloudns.net/,cloudns.net,ranked-new-corpus,999550,true
new-0238,https://sina.com.cn/,sina.com.cn,ranked-new-corpus,999549,true
new-0239,https://netease.com/,netease.com,ranked-new-corpus,999548,true
new-0240,https://myqcloud.com/,myqcloud.com,ranked-new-corpus,999545,true
new-0241,https://go.com/,go.com,ranked-new-corpus,999543,true
new-0242,https://pixabay.com/,pixabay.com,ranked-new-corpus,999542,true
new-0243,https://g.page/,g.page,ranked-new-corpus,999541,true
new-0244,https://speedtest.net/,speedtest.net,ranked-new-corpus,999537,true
new-0245,https://avsxappcaptiveportal.com/,avsxappcaptiveportal.com,ranked-new-corpus,999536,true
new-0246,https://edgecdn.ru/,edgecdn.ru,ranked-new-corpus,999535,true
new-0247,https://sohu.com/,sohu.com,ranked-new-corpus,999534,true
new-0248,https://timeweb.ru/,timeweb.ru,ranked-new-corpus,999533,true
new-0249,https://eye4.cn/,eye4.cn,ranked-new-corpus,999532,true
new-0250,https://tencent-cloud.net/,tencent-cloud.net,ranked-new-corpus,999531,true
new-0251,https://mikrotik.com/,mikrotik.com,ranked-new-corpus,999528,true
new-0252,https://nflximg.com/,nflximg.com,ranked-new-corpus,999527,true
new-0253,https://cnbc.com/,cnbc.com,ranked-new-corpus,999526,true
new-0254,https://firetvcaptiveportal.com/,firetvcaptiveportal.com,ranked-new-corpus,999525,true
new-0255,https://arxiv.org/,arxiv.org,ranked-new-corpus,999523,true
new-0256,https://bdydns.com/,bdydns.com,ranked-new-corpus,999521,true
new-0257,https://kwai.net/,kwai.net,ranked-new-corpus,999520,true
new-0258,https://duolingo.com/,duolingo.com,ranked-new-corpus,999519,true
new-0259,https://list-manage.com/,list-manage.com,ranked-new-corpus,999518,true
new-0260,https://statista.com/,statista.com,ranked-new-corpus,999517,true
new-0261,https://vercel-dns-016.com/,vercel-dns-016.com,ranked-new-corpus,999516,true
new-0262,https://aol.com/,aol.com,ranked-new-corpus,999515,true
new-0263,https://adriver.ru/,adriver.ru,ranked-new-corpus,999513,true
new-0264,https://libp2p.direct/,libp2p.direct,ranked-new-corpus,999512,true
new-0265,https://addtoany.com/,addtoany.com,ranked-new-corpus,999511,true
new-0266,https://ietf.org/,ietf.org,ranked-new-corpus,999510,true
new-0267,https://nease.net/,nease.net,ranked-new-corpus,999509,true
new-0268,https://atlassian.net/,atlassian.net,ranked-new-corpus,999508,true
new-0269,https://quora.com/,quora.com,ranked-new-corpus,999506,true
new-0270,https://scribd.com/,scribd.com,ranked-new-corpus,999505,true
new-0271,https://amazon.co.jp/,amazon.co.jp,ranked-new-corpus,999504,true
new-0272,https://markmonitor.com/,markmonitor.com,ranked-new-corpus,999503,true
new-0273,https://docker.com/,docker.com,ranked-new-corpus,999502,true
new-0274,https://npr.org/,npr.org,ranked-new-corpus,999501,true
new-0275,https://impervadns.net/,impervadns.net,ranked-new-corpus,999498,true
new-0276,https://ivi.ru/,ivi.ru,ranked-new-corpus,999496,true
new-0277,https://shein.com/,shein.com,ranked-new-corpus,999495,true
new-0278,https://eventbrite.com/,eventbrite.com,ranked-new-corpus,999492,true
new-0279,https://stackoverflow.com/,stackoverflow.com,ranked-new-corpus,999491,true
new-0280,https://mysql.com/,mysql.com,ranked-new-corpus,999490,true
new-0281,https://behance.net/,behance.net,ranked-new-corpus,999488,true
new-0282,https://foxnews.com/,foxnews.com,ranked-new-corpus,999487,true
new-0283,https://google.de/,google.de,ranked-new-corpus,999486,true
new-0284,https://indiatimes.com/,indiatimes.com,ranked-new-corpus,999485,true
new-0285,https://amzn.to/,amzn.to,ranked-new-corpus,999483,true
new-0286,https://gosuslugi.ru/,gosuslugi.ru,ranked-new-corpus,999481,true
new-0287,https://duckduckgo.com/,duckduckgo.com,ranked-new-corpus,999480,true
new-0288,https://ft.com/,ft.com,ranked-new-corpus,999478,true
new-0289,https://google.com.hk/,google.com.hk,ranked-new-corpus,999477,true
new-0290,https://ngenix.net/,ngenix.net,ranked-new-corpus,999476,true
new-0291,https://ui-dns.com/,ui-dns.com,ranked-new-corpus,999474,true
new-0292,https://discord.media/,discord.media,ranked-new-corpus,999472,true
new-0293,https://slideshare.net/,slideshare.net,ranked-new-corpus,999470,true
new-0294,https://squarespace.com/,squarespace.com,ranked-new-corpus,999469,true
new-0295,https://tplinkcloud.com/,tplinkcloud.com,ranked-new-corpus,999468,true
new-0296,https://squarespacedns.com/,squarespacedns.com,ranked-new-corpus,999467,true
new-0297,https://capcut.com/,capcut.com,ranked-new-corpus,999464,true
new-0298,https://elasticbeanstalk.com/,elasticbeanstalk.com,ranked-new-corpus,999462,true
new-0299,https://blogger.com/,blogger.com,ranked-new-corpus,999461,true
new-0300,https://fandom.com/,fandom.com,ranked-new-corpus,999460,true
new-0301,https://oxylabs.io/,oxylabs.io,ranked-new-corpus,999457,true
new-0302,https://noaa.gov/,noaa.gov,ranked-new-corpus,999455,true
new-0303,https://oup.com/,oup.com,ranked-new-corpus,999454,true
new-0304,https://wired.com/,wired.com,ranked-new-corpus,999453,true
new-0305,https://fast.com/,fast.com,ranked-new-corpus,999452,true
new-0306,https://share.google/,share.google,ranked-new-corpus,999451,true
new-0307,https://att.com/,att.com,ranked-new-corpus,999449,true
new-0308,https://patreon.com/,patreon.com,ranked-new-corpus,999448,true
new-0309,https://palmplaystore.com/,palmplaystore.com,ranked-new-corpus,999446,true
new-0310,https://translate.goog/,translate.goog,ranked-new-corpus,999444,true
new-0311,https://tandfonline.com/,tandfonline.com,ranked-new-corpus,999443,true
new-0312,https://time.com/,time.com,ranked-new-corpus,999439,true
new-0313,https://vidaahub.com/,vidaahub.com,ranked-new-corpus,999438,true
new-0314,https://sberbank.ru/,sberbank.ru,ranked-new-corpus,999436,true
new-0315,https://uol.com.br/,uol.com.br,ranked-new-corpus,999435,true
new-0316,https://eset.com/,eset.com,ranked-new-corpus,999433,true
new-0317,https://azure-dns.com/,azure-dns.com,ranked-new-corpus,999432,true
new-0318,https://deviantart.com/,deviantart.com,ranked-new-corpus,999431,true
new-0319,https://rakuten.co.jp/,rakuten.co.jp,ranked-new-corpus,999428,true
new-0320,https://usatoday.com/,usatoday.com,ranked-new-corpus,999426,true
new-0321,https://qlivecdn.com/,qlivecdn.com,ranked-new-corpus,999425,true
new-0322,https://tripadvisor.com/,tripadvisor.com,ranked-new-corpus,999423,true
new-0323,https://nstld.com/,nstld.com,ranked-new-corpus,999422,true
new-0324,https://aboutads.info/,aboutads.info,ranked-new-corpus,999421,true
new-0325,https://t-msedge.net/,t-msedge.net,ranked-new-corpus,999418,true
new-0326,https://target.com/,target.com,ranked-new-corpus,999417,true
new-0327,https://easebar.com/,easebar.com,ranked-new-corpus,999414,true
new-0328,https://my.com/,my.com,ranked-new-corpus,999413,true
new-0329,https://dreamhost.com/,dreamhost.com,ranked-new-corpus,999406,true
new-0330,https://bitrix24.ru/,bitrix24.ru,ranked-new-corpus,999405,true
new-0331,https://berkeley.edu/,berkeley.edu,ranked-new-corpus,999404,true
new-0332,https://ca.gov/,ca.gov,ranked-new-corpus,999403,true
new-0333,https://ieee.org/,ieee.org,ranked-new-corpus,999402,true
new-0334,https://imgsmail.ru/,imgsmail.ru,ranked-new-corpus,999401,true
new-0335,https://digitalocean.com/,digitalocean.com,ranked-new-corpus,999400,true
new-0336,https://avito.ru/,avito.ru,ranked-new-corpus,999398,true
new-0337,https://playstation.com/,playstation.com,ranked-new-corpus,999397,true
new-0338,https://telegraph.co.uk/,telegraph.co.uk,ranked-new-corpus,999396,true
new-0339,https://xiaomi.net/,xiaomi.net,ranked-new-corpus,999395,true
new-0340,https://whecloud.com/,whecloud.com,ranked-new-corpus,999394,true
new-0341,https://bx-msedge.net/,bx-msedge.net,ranked-new-corpus,999391,true
new-0342,https://cdn20.com/,cdn20.com,ranked-new-corpus,999390,true
new-0343,https://mdpi.com/,mdpi.com,ranked-new-corpus,999388,true
new-0344,https://cdnvideo.ru/,cdnvideo.ru,ranked-new-corpus,999387,true
new-0345,https://geobasket.ru/,geobasket.ru,ranked-new-corpus,999386,true
new-0346,https://free.fr/,free.fr,ranked-new-corpus,999385,true
new-0347,https://vercel-dns-3.com/,vercel-dns-3.com,ranked-new-corpus,999384,true
new-0348,https://amazon.fr/,amazon.fr,ranked-new-corpus,999383,true
new-0349,https://threads.com/,threads.com,ranked-new-corpus,999381,true
new-0350,https://wswebcdn.com/,wswebcdn.com,ranked-new-corpus,999379,true
new-0351,https://wix.com/,wix.com,ranked-new-corpus,999377,true
new-0352,https://2gis.com/,2gis.com,ranked-new-corpus,999375,true
new-0353,https://unesco.org/,unesco.org,ranked-new-corpus,999372,true
new-0354,https://withgoogle.com/,withgoogle.com,ranked-new-corpus,999371,true
new-0355,https://ikea.com/,ikea.com,ranked-new-corpus,999370,true
new-0356,https://jotform.com/,jotform.com,ranked-new-corpus,999369,true
new-0357,https://nintendo.com/,nintendo.com,ranked-new-corpus,999368,true
new-0358,https://dyndns.org/,dyndns.org,ranked-new-corpus,999367,true
new-0359,https://loc.gov/,loc.gov,ranked-new-corpus,999365,true
new-0360,https://mega.co.nz/,mega.co.nz,ranked-new-corpus,999363,true
new-0361,https://tencent.com/,tencent.com,ranked-new-corpus,999362,true
new-0362,https://xhamster.com/,xhamster.com,ranked-new-corpus,999361,true
new-0363,https://sagepub.com/,sagepub.com,ranked-new-corpus,999360,true
new-0364,https://amazon.ca/,amazon.ca,ranked-new-corpus,999359,true
new-0365,https://nike.com/,nike.com,ranked-new-corpus,999358,true
new-0366,https://shopee.com.br/,shopee.com.br,ranked-new-corpus,999357,true
new-0367,https://uk.com/,uk.com,ranked-new-corpus,999356,true
new-0368,https://ups.com/,ups.com,ranked-new-corpus,999354,true
new-0369,https://mhverifier.ru/,mhverifier.ru,ranked-new-corpus,999352,true
new-0370,https://techcrunch.com/,techcrunch.com,ranked-new-corpus,999351,true
new-0371,https://surveymonkey.com/,surveymonkey.com,ranked-new-corpus,999350,true
new-0372,https://bytedns1.com/,bytedns1.com,ranked-new-corpus,999349,true
new-0373,https://britannica.com/,britannica.com,ranked-new-corpus,999348,true
new-0374,https://redhat.com/,redhat.com,ranked-new-corpus,999347,true
new-0375,https://yelp.com/,yelp.com,ranked-new-corpus,999346,true
new-0376,https://vedsalb.com/,vedsalb.com,ranked-new-corpus,999345,true
new-0377,https://openstreetmap.org/,openstreetmap.org,ranked-new-corpus,999344,true
new-0378,https://allegro.pl/,allegro.pl,ranked-new-corpus,999343,true
new-0379,https://service.gov.uk/,service.gov.uk,ranked-new-corpus,999342,true
new-0380,https://vercel.app/,vercel.app,ranked-new-corpus,999340,true
new-0381,https://elpais.com/,elpais.com,ranked-new-corpus,999339,true
new-0382,https://ovh.net/,ovh.net,ranked-new-corpus,999337,true
new-0383,https://primevideo.com/,primevideo.com,ranked-new-corpus,999336,true
new-0384,https://dailymail.co.uk/,dailymail.co.uk,ranked-new-corpus,999334,true
new-0385,https://imgur.com/,imgur.com,ranked-new-corpus,999333,true
new-0386,https://cambridge.org/,cambridge.org,ranked-new-corpus,999332,true
new-0387,https://comcast.com/,comcast.com,ranked-new-corpus,999331,true
new-0388,https://vercel-dns-017.com/,vercel-dns-017.com,ranked-new-corpus,999330,true
new-0389,https://cmediahub.ru/,cmediahub.ru,ranked-new-corpus,999328,true
new-0390,https://pvp.net/,pvp.net,ranked-new-corpus,999327,true
new-0391,https://anydesk.com/,anydesk.com,ranked-new-corpus,999326,true
new-0392,https://viber.com/,viber.com,ranked-new-corpus,999325,true
new-0393,https://amazon.in/,amazon.in,ranked-new-corpus,999323,true
new-0394,https://ks-cdn.com/,ks-cdn.com,ranked-new-corpus,999321,true
new-0395,https://cdnhwc1.com/,cdnhwc1.com,ranked-new-corpus,999320,true
new-0396,https://perplexity.ai/,perplexity.ai,ranked-new-corpus,999318,true
new-0397,https://hihonorcloud.com/,hihonorcloud.com,ranked-new-corpus,999314,true
new-0398,https://webempresa.eu/,webempresa.eu,ranked-new-corpus,999313,true
new-0399,https://consultant.ru/,consultant.ru,ranked-new-corpus,999312,true
new-0400,https://360.cn/,360.cn,ranked-new-corpus,999311,true
new-0401,https://vkontakte.ru/,vkontakte.ru,ranked-new-corpus,999308,true
new-0402,https://bunnyinfra.net/,bunnyinfra.net,ranked-new-corpus,999307,true
new-0403,https://cbsnews.com/,cbsnews.com,ranked-new-corpus,999305,true
new-0404,https://seznam.cz/,seznam.cz,ranked-new-corpus,999304,true
new-0405,https://wps.com/,wps.com,ranked-new-corpus,999303,true
new-0406,https://dailymail.com/,dailymail.com,ranked-new-corpus,999302,true
new-0407,https://lemonde.fr/,lemonde.fr,ranked-new-corpus,999301,true
new-0408,https://fb.com/,fb.com,ranked-new-corpus,999299,true
new-0409,https://alipaydns.com/,alipaydns.com,ranked-new-corpus,999297,true
new-0410,https://samsungacr.com/,samsungacr.com,ranked-new-corpus,999296,true
new-0411,https://kick.com/,kick.com,ranked-new-corpus,999294,true
new-0412,https://sophos.com/,sophos.com,ranked-new-corpus,999292,true
new-0413,https://marriott.com/,marriott.com,ranked-new-corpus,999291,true
new-0414,https://cnet.com/,cnet.com,ranked-new-corpus,999290,true
new-0415,https://hostgator.com.br/,hostgator.com.br,ranked-new-corpus,999289,true
new-0416,https://spiegel.de/,spiegel.de,ranked-new-corpus,999288,true
new-0417,https://amazon.es/,amazon.es,ranked-new-corpus,999287,true
new-0418,https://iso.org/,iso.org,ranked-new-corpus,999286,true
new-0419,https://independent.co.uk/,independent.co.uk,ranked-new-corpus,999285,true
new-0420,https://wpguardian.io/,wpguardian.io,ranked-new-corpus,999284,true
new-0421,https://amazon.it/,amazon.it,ranked-new-corpus,999283,true
new-0422,https://ya.ru/,ya.ru,ranked-new-corpus,999280,true
new-0423,https://mailchimp.com/,mailchimp.com,ranked-new-corpus,999279,true
new-0424,https://ring.com/,ring.com,ranked-new-corpus,999278,true
new-0425,https://linode.com/,linode.com,ranked-new-corpus,999277,true
new-0426,https://itch.io/,itch.io,ranked-new-corpus,999275,true
new-0427,https://asus.com/,asus.com,ranked-new-corpus,999273,true
new-0428,https://g.co/,g.co,ranked-new-corpus,999272,true
new-0429,https://bitdefender.net/,bitdefender.net,ranked-new-corpus,999270,true
new-0430,https://blackhub.team/,blackhub.team,ranked-new-corpus,999267,true
new-0431,https://stripchat.com/,stripchat.com,ranked-new-corpus,999266,true
new-0432,https://mlb.com/,mlb.com,ranked-new-corpus,999264,true
new-0433,https://share-dns.com/,share-dns.com,ranked-new-corpus,999262,true
new-0434,https://githubusercontent.com/,githubusercontent.com,ranked-new-corpus,999260,true
new-0435,https://shopee.co.id/,shopee.co.id,ranked-new-corpus,999257,true
new-0436,https://zillow.com/,zillow.com,ranked-new-corpus,999255,true
new-0437,https://beyondwickedmapping.org/,beyondwickedmapping.org,ranked-new-corpus,999254,true
new-0438,https://google.co.uk/,google.co.uk,ranked-new-corpus,999253,true
new-0439,https://python.org/,python.org,ranked-new-corpus,999252,true
new-0440,https://bandcamp.com/,bandcamp.com,ranked-new-corpus,999251,true
new-0441,https://wpguardian.com/,wpguardian.com,ranked-new-corpus,999250,true
new-0442,https://cursor.sh/,cursor.sh,ranked-new-corpus,999249,true
new-0443,https://wattpad.com/,wattpad.com,ranked-new-corpus,999247,true
new-0444,https://nmrodam.com/,nmrodam.com,ranked-new-corpus,999246,true
new-0445,https://homedepot.com/,homedepot.com,ranked-new-corpus,999245,true
new-0446,https://curseforge.com/,curseforge.com,ranked-new-corpus,999240,true
new-0447,https://bestbuy.com/,bestbuy.com,ranked-new-corpus,999239,true
new-0448,https://mediafire.com/,mediafire.com,ranked-new-corpus,999238,true
new-0449,https://fifa.com/,fifa.com,ranked-new-corpus,999236,true
new-0450,https://steamstatic.com/,steamstatic.com,ranked-new-corpus,999235,true
new-0451,https://ddnss.de/,ddnss.de,ranked-new-corpus,999233,true
new-0452,https://bild.de/,bild.de,ranked-new-corpus,999232,true
new-0453,https://fda.gov/,fda.gov,ranked-new-corpus,999231,true
new-0454,https://nikkei.com/,nikkei.com,ranked-new-corpus,999230,true
new-0455,https://ted.com/,ted.com,ranked-new-corpus,999229,true
new-0456,https://sedo.com/,sedo.com,ranked-new-corpus,999228,true
new-0457,https://airbnb.com/,airbnb.com,ranked-new-corpus,999227,true
new-0458,https://allaboutcookies.org/,allaboutcookies.org,ranked-new-corpus,999224,true
new-0459,https://usgovcloudapi.net/,usgovcloudapi.net,ranked-new-corpus,999223,true
new-0460,https://herokudns.com/,herokudns.com,ranked-new-corpus,999221,true
new-0461,https://ad-tech.ru/,ad-tech.ru,ranked-new-corpus,999220,true
new-0462,https://parklogic.com/,parklogic.com,ranked-new-corpus,999219,true
new-0463,https://mckinsey.com/,mckinsey.com,ranked-new-corpus,999218,true
new-0464,https://expedia.com/,expedia.com,ranked-new-corpus,999217,true
new-0465,https://craigslist.org/,craigslist.org,ranked-new-corpus,999216,true
new-0466,https://ovscdns.com/,ovscdns.com,ranked-new-corpus,999215,true
new-0467,https://wcdnga.com/,wcdnga.com,ranked-new-corpus,999214,true
new-0468,https://fiverr.com/,fiverr.com,ranked-new-corpus,999212,true
new-0469,https://visma.com/,visma.com,ranked-new-corpus,999211,true
new-0470,https://shopeemobile.com/,shopeemobile.com,ranked-new-corpus,999210,true
new-0471,https://apnews.com/,apnews.com,ranked-new-corpus,999208,true
new-0472,https://abovedomains.com/,abovedomains.com,ranked-new-corpus,999207,true
new-0473,https://welt.de/,welt.de,ranked-new-corpus,999203,true
new-0474,https://wb.ru/,wb.ru,ranked-new-corpus,999202,true
new-0475,https://networkadvertising.org/,networkadvertising.org,ranked-new-corpus,999201,true
new-0476,https://zoho.com/,zoho.com,ranked-new-corpus,999199,true
new-0477,https://ozone.ru/,ozone.ru,ranked-new-corpus,999198,true
new-0478,https://rt.ru/,rt.ru,ranked-new-corpus,999197,true
new-0479,https://porkbun.com/,porkbun.com,ranked-new-corpus,999195,true
new-0480,https://mercadolivre.com.br/,mercadolivre.com.br,ranked-new-corpus,999194,true
new-0481,https://mobolize.com/,mobolize.com,ranked-new-corpus,999191,true
new-0482,https://usps.com/,usps.com,ranked-new-corpus,999190,true
new-0483,https://people.com/,people.com,ranked-new-corpus,999189,true
new-0484,https://disneyplus.com/,disneyplus.com,ranked-new-corpus,999188,true
new-0485,https://ameblo.jp/,ameblo.jp,ranked-new-corpus,999187,true
new-0486,https://no-ip.com/,no-ip.com,ranked-new-corpus,999185,true
new-0487,https://daum.net/,daum.net,ranked-new-corpus,999183,true
new-0488,https://xbox.com/,xbox.com,ranked-new-corpus,999182,true
new-0489,https://prnewswire.com/,prnewswire.com,ranked-new-corpus,999180,true
new-0490,https://erome.com/,erome.com,ranked-new-corpus,999178,true
new-0491,https://akamaitech.net/,akamaitech.net,ranked-new-corpus,999176,true
new-0492,https://academia.edu/,academia.edu,ranked-new-corpus,999174,true
new-0493,https://orderbox-dns.com/,orderbox-dns.com,ranked-new-corpus,999172,true
new-0494,https://blackberry.com/,blackberry.com,ranked-new-corpus,999169,true
new-0495,https://vivo.com.cn/,vivo.com.cn,ranked-new-corpus,999168,true
new-0496,https://odoo.com/,odoo.com,ranked-new-corpus,999167,true
new-0497,https://deepl.com/,deepl.com,ranked-new-corpus,999164,true
new-0498,https://buydomains.com/,buydomains.com,ranked-new-corpus,999163,true
new-0499,https://lefigaro.fr/,lefigaro.fr,ranked-new-corpus,999162,true
new-0500,https://meta.com/,meta.com,ranked-new-corpus,999161,true
new-0501,https://theverge.com/,theverge.com,ranked-new-corpus,999158,true
new-0502,https://focus.de/,focus.de,ranked-new-corpus,999157,true
new-0503,https://att.net/,att.net,ranked-new-corpus,999156,true
new-0504,https://lgtvcommon.com/,lgtvcommon.com,ranked-new-corpus,999155,true
new-0505,https://zpath.net/,zpath.net,ranked-new-corpus,999153,true
new-0506,https://livejournal.com/,livejournal.com,ranked-new-corpus,999152,true
new-0507,https://zoom.com/,zoom.com,ranked-new-corpus,999151,true
new-0508,https://onlyfans.com/,onlyfans.com,ranked-new-corpus,999150,true
new-0509,https://usda.gov/,usda.gov,ranked-new-corpus,999149,true
new-0510,https://agoda.com/,agoda.com,ranked-new-corpus,999148,true
new-0511,https://discogs.com/,discogs.com,ranked-new-corpus,999147,true
new-0512,https://amazon.com.br/,amazon.com.br,ranked-new-corpus,999145,true
new-0513,https://ryanair.com/,ryanair.com,ranked-new-corpus,999144,true
new-0514,https://it.com/,it.com,ranked-new-corpus,999143,true
new-0515,https://figma.com/,figma.com,ranked-new-corpus,999142,true
new-0516,https://washington.edu/,washington.edu,ranked-new-corpus,999141,true
new-0517,https://hbr.org/,hbr.org,ranked-new-corpus,999140,true
new-0518,https://amazon.com.au/,amazon.com.au,ranked-new-corpus,999138,true
new-0519,https://ebay.co.uk/,ebay.co.uk,ranked-new-corpus,999137,true
new-0520,https://lg.com/,lg.com,ranked-new-corpus,999136,true
new-0521,https://appspot.com/,appspot.com,ranked-new-corpus,999135,true
new-0522,https://jetbrains.com/,jetbrains.com,ranked-new-corpus,999134,true
new-0523,https://xvideos.com/,xvideos.com,ranked-new-corpus,999132,true
new-0524,https://myspace.com/,myspace.com,ranked-new-corpus,999131,true
new-0525,https://pexels.com/,pexels.com,ranked-new-corpus,999129,true
new-0526,https://chess.com/,chess.com,ranked-new-corpus,999128,true
new-0527,https://nbcnews.com/,nbcnews.com,ranked-new-corpus,999126,true
new-0528,https://frontiersin.org/,frontiersin.org,ranked-new-corpus,999124,true
new-0529,https://synology.com/,synology.com,ranked-new-corpus,999123,true
new-0530,https://pikabu.ru/,pikabu.ru,ranked-new-corpus,999122,true
new-0531,https://keenetic.io/,keenetic.io,ranked-new-corpus,999121,true
new-0532,https://ebay.de/,ebay.de,ranked-new-corpus,999120,true
new-0533,https://queniuaa.com/,queniuaa.com,ranked-new-corpus,999119,true
new-0534,https://mayoclinic.org/,mayoclinic.org,ranked-new-corpus,999118,true
new-0535,https://gov.br/,gov.br,ranked-new-corpus,999115,true
new-0536,https://biblegateway.com/,biblegateway.com,ranked-new-corpus,999113,true
new-0537,https://bankofamerica.com/,bankofamerica.com,ranked-new-corpus,999110,true
new-0538,https://princeton.edu/,princeton.edu,ranked-new-corpus,999109,true
new-0539,https://arcgis.com/,arcgis.com,ranked-new-corpus,999108,true
new-0540,https://readthedocs.io/,readthedocs.io,ranked-new-corpus,999107,true
new-0541,https://pornhub.com/,pornhub.com,ranked-new-corpus,999105,true
new-0542,https://ys7.com/,ys7.com,ranked-new-corpus,999104,true
new-0543,https://worldbank.org/,worldbank.org,ranked-new-corpus,999103,true
new-0544,https://pccc.com/,pccc.com,ranked-new-corpus,999102,true
new-0545,https://360safe.com/,360safe.com,ranked-new-corpus,999101,true
new-0546,https://agora.io/,agora.io,ranked-new-corpus,999100,true
new-0547,https://dbankcloud.ru/,dbankcloud.ru,ranked-new-corpus,999098,true
new-0548,https://hilton.com/,hilton.com,ranked-new-corpus,999097,true
new-0549,https://kleinanzeigen.de/,kleinanzeigen.de,ranked-new-corpus,999096,true
new-0550,https://coupang.com/,coupang.com,ranked-new-corpus,999095,true
new-0551,https://herokuapp.com/,herokuapp.com,ranked-new-corpus,999093,true
new-0552,https://latimes.com/,latimes.com,ranked-new-corpus,999091,true
new-0553,https://nintendo.net/,nintendo.net,ranked-new-corpus,999090,true
new-0554,https://opera-api2.com/,opera-api2.com,ranked-new-corpus,999086,true
new-0555,https://dnse0.com/,dnse0.com,ranked-new-corpus,999085,true
new-0556,https://starlink.com/,starlink.com,ranked-new-corpus,999084,true
new-0557,https://magnit.ru/,magnit.ru,ranked-new-corpus,999083,true
new-0558,https://internetwarriors.net/,internetwarriors.net,ranked-new-corpus,999081,true
new-0559,https://playrix.com/,playrix.com,ranked-new-corpus,999080,true
new-0560,https://tbank.ru/,tbank.ru,ranked-new-corpus,999079,true
new-0561,https://aiv-delivery.net/,aiv-delivery.net,ranked-new-corpus,999078,true
new-0562,https://immedia-semi.com/,immedia-semi.com,ranked-new-corpus,999077,true
new-0563,https://smartthings.com/,smartthings.com,ranked-new-corpus,999074,true
new-0564,https://epa.gov/,epa.gov,ranked-new-corpus,999072,true
new-0565,https://miwifi.com/,miwifi.com,ranked-new-corpus,999071,true
new-0566,https://docker.io/,docker.io,ranked-new-corpus,999070,true
new-0567,https://genius.com/,genius.com,ranked-new-corpus,999067,true
new-0568,https://deloitte.com/,deloitte.com,ranked-new-corpus,999066,true
new-0569,https://youku.com/,youku.com,ranked-new-corpus,999065,true
new-0570,https://state.gov/,state.gov,ranked-new-corpus,999064,true
new-0571,https://lowes.com/,lowes.com,ranked-new-corpus,999063,true
new-0572,https://bytefcdn.com/,bytefcdn.com,ranked-new-corpus,999062,true
new-0573,https://lwsdns.com/,lwsdns.com,ranked-new-corpus,999061,true
new-0574,https://onet.pl/,onet.pl,ranked-new-corpus,999060,true
new-0575,https://netlify.app/,netlify.app,ranked-new-corpus,999059,true
new-0576,https://eporner.com/,eporner.com,ranked-new-corpus,999058,true
new-0577,https://one.com/,one.com,ranked-new-corpus,999057,true
new-0578,https://zenecn.net/,zenecn.net,ranked-new-corpus,999056,true
new-0579,https://volcgslb.com/,volcgslb.com,ranked-new-corpus,999055,true
new-0580,https://leiniao.com/,leiniao.com,ranked-new-corpus,999054,true
new-0581,https://character.ai/,character.ai,ranked-new-corpus,999053,true
new-0582,https://mailchi.mp/,mailchi.mp,ranked-new-corpus,999052,true
new-0583,https://webmd.com/,webmd.com,ranked-new-corpus,999051,true
new-0584,https://mercadolibre.com.ar/,mercadolibre.com.ar,ranked-new-corpus,999050,true
new-0585,https://chaturbate.com/,chaturbate.com,ranked-new-corpus,999048,true
new-0586,https://tailscale.com/,tailscale.com,ranked-new-corpus,999047,true
new-0587,https://investopedia.com/,investopedia.com,ranked-new-corpus,999046,true
new-0588,https://fidelity.com/,fidelity.com,ranked-new-corpus,999045,true
new-0589,https://epam.com/,epam.com,ranked-new-corpus,999044,true
new-0590,https://hm.com/,hm.com,ranked-new-corpus,999043,true
new-0591,https://note.com/,note.com,ranked-new-corpus,999042,true
new-0592,https://repubblica.it/,repubblica.it,ranked-new-corpus,999041,true
new-0593,https://jd.com/,jd.com,ranked-new-corpus,999040,true
new-0594,https://change.org/,change.org,ranked-new-corpus,999039,true
new-0595,https://dnse2.com/,dnse2.com,ranked-new-corpus,999038,true
new-0596,https://thenai.org/,thenai.org,ranked-new-corpus,999037,true
new-0597,https://amagi.tv/,amagi.tv,ranked-new-corpus,999036,true
new-0598,https://kunluncan.com/,kunluncan.com,ranked-new-corpus,999035,true
new-0599,https://ubi.com/,ubi.com,ranked-new-corpus,999034,true
new-0600,https://nationalgeographic.com/,nationalgeographic.com,ranked-new-corpus,999033,true
new-0601,https://ancestry.com/,ancestry.com,ranked-new-corpus,999032,true
new-0602,https://xnxx.com/,xnxx.com,ranked-new-corpus,999031,true
new-0603,https://xerox.com/,xerox.com,ranked-new-corpus,999030,true
new-0604,https://nexusmods.com/,nexusmods.com,ranked-new-corpus,999029,true
new-0605,https://paramountplus.com/,paramountplus.com,ranked-new-corpus,999028,true
new-0606,https://xhamster46.desi/,xhamster46.desi,ranked-new-corpus,999027,true
new-0607,https://corriere.it/,corriere.it,ranked-new-corpus,999025,true
new-0608,https://tsyndicate.com/,tsyndicate.com,ranked-new-corpus,999023,true
new-0609,https://healthline.com/,healthline.com,ranked-new-corpus,999022,true
new-0610,https://caixa.gov.br/,caixa.gov.br,ranked-new-corpus,999021,true
new-0611,https://tplinknbu.com/,tplinknbu.com,ranked-new-corpus,999017,true
new-0612,https://weforum.org/,weforum.org,ranked-new-corpus,999016,true
new-0613,https://otto.de/,otto.de,ranked-new-corpus,999015,true
new-0614,https://cdn-vk.ru/,cdn-vk.ru,ranked-new-corpus,999014,true
new-0615,https://kwai.com/,kwai.com,ranked-new-corpus,999013,true
new-0616,https://pixiv.net/,pixiv.net,ranked-new-corpus,999012,true
new-0617,https://ddns.net/,ddns.net,ranked-new-corpus,999011,true
new-0618,https://sofascore.com/,sofascore.com,ranked-new-corpus,999010,true
new-0619,https://ubnt.com/,ubnt.com,ranked-new-corpus,999009,true
new-0620,https://trendyol.com/,trendyol.com,ranked-new-corpus,999008,true
new-0621,https://transsion-os.com/,transsion-os.com,ranked-new-corpus,999007,true
new-0622,https://opera-api.com/,opera-api.com,ranked-new-corpus,999006,true
new-0623,https://flightradar24.com/,flightradar24.com,ranked-new-corpus,999005,true
new-0624,https://faphouse.com/,faphouse.com,ranked-new-corpus,999004,true
new-0625,https://elmundo.es/,elmundo.es,ranked-new-corpus,999003,true
new-0626,https://bol.com/,bol.com,ranked-new-corpus,999002,true
new-0627,https://bytefcdn-ttpus.com/,bytefcdn-ttpus.com,ranked-new-corpus,999001,true
new-0628,https://eu.com/,eu.com,ranked-new-corpus,998999,true
new-0629,https://xhcdn.com/,xhcdn.com,ranked-new-corpus,998998,true
new-0630,https://nextlgsdp.com/,nextlgsdp.com,ranked-new-corpus,998997,true
new-0631,https://archiveofourown.org/,archiveofourown.org,ranked-new-corpus,998996,true
new-0632,https://binance.com/,binance.com,ranked-new-corpus,998995,true
new-0633,https://heytapmobi.com/,heytapmobi.com,ranked-new-corpus,998994,true
new-0634,https://stbid.ru/,stbid.ru,ranked-new-corpus,998993,true
new-0635,https://flipkart.com/,flipkart.com,ranked-new-corpus,998990,true
new-0636,https://t-mobile.com/,t-mobile.com,ranked-new-corpus,998989,true
new-0637,https://webhostbox.net/,webhostbox.net,ranked-new-corpus,998988,true
new-0638,https://costco.com/,costco.com,ranked-new-corpus,998987,true
new-0639,https://ox.ac.uk/,ox.ac.uk,ranked-new-corpus,998986,true
new-0640,https://themeforest.net/,themeforest.net,ranked-new-corpus,998985,true
new-0641,https://xing.com/,xing.com,ranked-new-corpus,998984,true
new-0642,https://theatlantic.com/,theatlantic.com,ranked-new-corpus,998983,true
new-0643,https://ltwebstatic.com/,ltwebstatic.com,ranked-new-corpus,998982,true
new-0644,https://whitehouse.gov/,whitehouse.gov,ranked-new-corpus,998981,true
new-0645,https://cdnhwc2.com/,cdnhwc2.com,ranked-new-corpus,998980,true
new-0646,https://statcounter.com/,statcounter.com,ranked-new-corpus,998978,true
new-0647,https://freepik.com/,freepik.com,ranked-new-corpus,998977,true
new-0648,https://kontur.ru/,kontur.ru,ranked-new-corpus,998976,true
new-0649,https://youronlinechoices.com/,youronlinechoices.com,ranked-new-corpus,998974,true
new-0650,https://umich.edu/,umich.edu,ranked-new-corpus,998973,true
new-0651,https://ecosia.org/,ecosia.org,ranked-new-corpus,998972,true
new-0652,https://shopee.ph/,shopee.ph,ranked-new-corpus,998971,true
new-0653,https://spamhaus.org/,spamhaus.org,ranked-new-corpus,998969,true
new-0654,https://gtm-a2b2.com/,gtm-a2b2.com,ranked-new-corpus,998968,true
new-0655,https://nextcloud.com/,nextcloud.com,ranked-new-corpus,998967,true
new-0656,https://infobae.com/,infobae.com,ranked-new-corpus,998966,true
new-0657,https://columbia.edu/,columbia.edu,ranked-new-corpus,998965,true
new-0658,https://incapdns.net/,incapdns.net,ranked-new-corpus,998964,true
new-0659,https://flashscore.com/,flashscore.com,ranked-new-corpus,998963,true
new-0660,https://amemv.com/,amemv.com,ranked-new-corpus,998962,true
new-0661,https://letterboxd.com/,letterboxd.com,ranked-new-corpus,998961,true
new-0662,https://docomo.ne.jp/,docomo.ne.jp,ranked-new-corpus,998960,true
new-0663,https://interia.pl/,interia.pl,ranked-new-corpus,998958,true
new-0664,https://vk-analytics.ru/,vk-analytics.ru,ranked-new-corpus,998956,true
new-0665,https://zhihu.com/,zhihu.com,ranked-new-corpus,998955,true
new-0666,https://garmin.com/,garmin.com,ranked-new-corpus,998954,true
new-0667,https://olx.com.br/,olx.com.br,ranked-new-corpus,998953,true
new-0668,https://amazon.com.mx/,amazon.com.mx,ranked-new-corpus,998952,true
new-0669,https://pbs.org/,pbs.org,ranked-new-corpus,998951,true
new-0670,https://statuspage.io/,statuspage.io,ranked-new-corpus,998949,true
new-0671,https://moneycontrol.com/,moneycontrol.com,ranked-new-corpus,998948,true
new-0672,https://wise.com/,wise.com,ranked-new-corpus,998947,true
new-0673,https://epicgames.dev/,epicgames.dev,ranked-new-corpus,998946,true
new-0674,https://tesla.com/,tesla.com,ranked-new-corpus,998945,true
new-0675,https://xhamster.desi/,xhamster.desi,ranked-new-corpus,998944,true
new-0676,https://poki.com/,poki.com,ranked-new-corpus,998943,true
new-0677,https://samsungcloudsolution.net/,samsungcloudsolution.net,ranked-new-corpus,998942,true
new-0678,https://douyinvod.com/,douyinvod.com,ranked-new-corpus,998940,true
new-0679,https://redfin.com/,redfin.com,ranked-new-corpus,998939,true
new-0680,https://n-tv.de/,n-tv.de,ranked-new-corpus,998938,true
new-0681,https://kohls.com/,kohls.com,ranked-new-corpus,998937,true
new-0682,https://theconversation.com/,theconversation.com,ranked-new-corpus,998936,true
new-0683,https://alphonso.tv/,alphonso.tv,ranked-new-corpus,998935,true
new-0684,https://bund.de/,bund.de,ranked-new-corpus,998934,true
new-0685,https://ouest-france.fr/,ouest-france.fr,ranked-new-corpus,998933,true
new-0686,https://tiktokrow-cdn.com/,tiktokrow-cdn.com,ranked-new-corpus,998932,true
new-0687,https://netgear.com/,netgear.com,ranked-new-corpus,998931,true
new-0688,https://riotgames.com/,riotgames.com,ranked-new-corpus,998929,true
new-0689,https://as.com/,as.com,ranked-new-corpus,998928,true
new-0690,https://rtve.es/,rtve.es,ranked-new-corpus,998925,true
new-0691,https://terra.com.br/,terra.com.br,ranked-new-corpus,998924,true
new-0692,https://marca.com/,marca.com,ranked-new-corpus,998923,true
new-0693,https://huffpost.com/,huffpost.com,ranked-new-corpus,998922,true
new-0694,https://ameba.jp/,ameba.jp,ranked-new-corpus,998921,true
new-0695,https://bfmtv.com/,bfmtv.com,ranked-new-corpus,998920,true
new-0696,https://kslawin.com/,kslawin.com,ranked-new-corpus,998919,true
new-0697,https://goal.com/,goal.com,ranked-new-corpus,998918,true
new-0698,https://plex.direct/,plex.direct,ranked-new-corpus,998917,true
new-0699,https://skroutz.gr/,skroutz.gr,ranked-new-corpus,998916,true
new-0700,https://ilovepdf.com/,ilovepdf.com,ranked-new-corpus,998915,true
new-0701,https://google.fr/,google.fr,ranked-new-corpus,998914,true
new-0702,https://wscvip.cn/,wscvip.cn,ranked-new-corpus,998913,true
new-0703,https://ovscdns.net/,ovscdns.net,ranked-new-corpus,998912,true
new-0704,https://crazygames.com/,crazygames.com,ranked-new-corpus,998911,true
new-0705,https://digitaloceanspaces.com/,digitaloceanspaces.com,ranked-new-corpus,998910,true
new-0706,https://oecd.org/,oecd.org,ranked-new-corpus,998909,true
new-0707,https://mi-img.com/,mi-img.com,ranked-new-corpus,998908,true
new-0708,https://tubi.io/,tubi.io,ranked-new-corpus,998907,true
new-0709,https://wbbasket.ru/,wbbasket.ru,ranked-new-corpus,998906,true
new-0710,https://ultimate-guitar.com/,ultimate-guitar.com,ranked-new-corpus,998905,true
new-0711,https://tabelog.com/,tabelog.com,ranked-new-corpus,998904,true
new-0712,https://mps.gov.cn/,mps.gov.cn,ranked-new-corpus,998903,true
new-0713,https://finn.no/,finn.no,ranked-new-corpus,998902,true
new-0714,https://aparat.com/,aparat.com,ranked-new-corpus,998901,true
new-0715,https://inkuai.com/,inkuai.com,ranked-new-corpus,998900,true
new-0716,https://leparisien.fr/,leparisien.fr,ranked-new-corpus,998899,true
new-0717,https://kickstarter.com/,kickstarter.com,ranked-new-corpus,998898,true
new-0718,https://tnaflix.com/,tnaflix.com,ranked-new-corpus,998897,true
new-0719,https://wetteronline.de/,wetteronline.de,ranked-new-corpus,998895,true
new-0720,https://superhosting.bg/,superhosting.bg,ranked-new-corpus,998894,true
new-0721,https://lge.com/,lge.com,ranked-new-corpus,998893,true
new-0722,https://olx.pl/,olx.pl,ranked-new-corpus,998892,true
new-0723,https://maricopa.gov/,maricopa.gov,ranked-new-corpus,998891,true
new-0724,https://cookpad.com/,cookpad.com,ranked-new-corpus,998889,true
new-0725,https://skysports.com/,skysports.com,ranked-new-corpus,998888,true
new-0726,https://google.ca/,google.ca,ranked-new-corpus,998887,true
new-0727,https://gsmarena.com/,gsmarena.com,ranked-new-corpus,998886,true
new-0728,https://xhaccess.com/,xhaccess.com,ranked-new-corpus,998885,true
new-0729,https://zijieapi.com/,zijieapi.com,ranked-new-corpus,998883,true
new-0730,https://gofundme.com/,gofundme.com,ranked-new-corpus,998882,true
new-0731,https://nypost.com/,nypost.com,ranked-new-corpus,998881,true
new-0732,https://mythad.com/,mythad.com,ranked-new-corpus,998880,true
new-0733,https://rbc.ru/,rbc.ru,ranked-new-corpus,998879,true
new-0734,https://jimdo.com/,jimdo.com,ranked-new-corpus,998878,true
new-0735,https://typeform.com/,typeform.com,ranked-new-corpus,998877,true
new-0736,https://lanacion.com.ar/,lanacion.com.ar,ranked-new-corpus,998876,true
new-0737,https://supabase.co/,supabase.co,ranked-new-corpus,998872,true
new-0738,https://alipay.com/,alipay.com,ranked-new-corpus,998871,true
new-0739,https://dnse1.com/,dnse1.com,ranked-new-corpus,998869,true
new-0740,https://us.com/,us.com,ranked-new-corpus,998868,true
new-0741,https://hltv.org/,hltv.org,ranked-new-corpus,998866,true
new-0742,https://safety.google/,safety.google,ranked-new-corpus,998865,true
new-0743,https://apa.org/,apa.org,ranked-new-corpus,998864,true
new-0744,https://amd.com/,amd.com,ranked-new-corpus,998863,true
new-0745,https://vivo.com/,vivo.com,ranked-new-corpus,998862,true
new-0746,https://warnerbros.com/,warnerbros.com,ranked-new-corpus,998861,true
new-0747,https://xiaohongshu.com/,xiaohongshu.com,ranked-new-corpus,998860,true
new-0748,https://samsungcloud.tv/,samsungcloud.tv,ranked-new-corpus,998859,true
new-0749,https://byteoversea.com/,byteoversea.com,ranked-new-corpus,998858,true
new-0750,https://meethue.com/,meethue.com,ranked-new-corpus,998857,true
new-0751,https://mercadolibre.com.mx/,mercadolibre.com.mx,ranked-new-corpus,998856,true
new-0752,https://cspserver.net/,cspserver.net,ranked-new-corpus,998854,true
new-0753,https://tinkoff.ru/,tinkoff.ru,ranked-new-corpus,998853,true
new-0754,https://megafon.ru/,megafon.ru,ranked-new-corpus,998852,true
new-0755,https://letsencrypt.org/,letsencrypt.org,ranked-new-corpus,998851,true
new-0756,https://hotpepper.jp/,hotpepper.jp,ranked-new-corpus,998850,true
new-0757,https://huggingface.co/,huggingface.co,ranked-new-corpus,998849,true
new-0758,https://clarin.com/,clarin.com,ranked-new-corpus,998848,true
new-0759,https://inven.co.kr/,inven.co.kr,ranked-new-corpus,998847,true
new-0760,https://xhname.com/,xhname.com,ranked-new-corpus,998846,true
new-0761,https://fortune.com/,fortune.com,ranked-new-corpus,998845,true
new-0762,https://yastatic.net/,yastatic.net,ranked-new-corpus,998843,true
new-0763,https://pimpbunny.com/,pimpbunny.com,ranked-new-corpus,998842,true
new-0764,https://economist.com/,economist.com,ranked-new-corpus,998841,true
new-0765,https://idnes.cz/,idnes.cz,ranked-new-corpus,998840,true
new-0766,https://dafont.com/,dafont.com,ranked-new-corpus,998839,true
new-0767,https://adguard-vpn.online/,adguard-vpn.online,ranked-new-corpus,998838,true
new-0768,https://dns.eu/,dns.eu,ranked-new-corpus,998837,true
new-0769,https://susercontent.com/,susercontent.com,ranked-new-corpus,998836,true
new-0770,https://plos.org/,plos.org,ranked-new-corpus,998835,true
new-0771,https://yale.edu/,yale.edu,ranked-new-corpus,998834,true
new-0772,https://nsone.net/,nsone.net,ranked-new-corpus,998833,true
new-0773,https://cricinfo.com/,cricinfo.com,ranked-new-corpus,998832,true
new-0774,https://aftonbladet.se/,aftonbladet.se,ranked-new-corpus,998831,true
new-0775,https://franceinfo.fr/,franceinfo.fr,ranked-new-corpus,998830,true
new-0776,https://cbc.ca/,cbc.ca,ranked-new-corpus,998829,true
new-0777,https://gismeteo.ru/,gismeteo.ru,ranked-new-corpus,998828,true
new-0778,https://wetter.com/,wetter.com,ranked-new-corpus,998827,true
new-0779,https://xhamster2.com/,xhamster2.com,ranked-new-corpus,998825,true
new-0780,https://tabor.ru/,tabor.ru,ranked-new-corpus,998824,true
new-0781,https://jw.org/,jw.org,ranked-new-corpus,998823,true
new-0782,https://tbs.co.jp/,tbs.co.jp,ranked-new-corpus,998821,true
new-0783,https://magnific.com/,magnific.com,ranked-new-corpus,998820,true
new-0784,https://itmedia.co.jp/,itmedia.co.jp,ranked-new-corpus,998819,true
new-0785,https://leboncoin.fr/,leboncoin.fr,ranked-new-corpus,998818,true
new-0786,https://ad.nl/,ad.nl,ranked-new-corpus,998817,true
new-0787,https://dmm.co.jp/,dmm.co.jp,ranked-new-corpus,998816,true
new-0788,https://elconfidencial.com/,elconfidencial.com,ranked-new-corpus,998815,true
new-0789,https://vnexpress.net/,vnexpress.net,ranked-new-corpus,998814,true
new-0790,https://sahibinden.com/,sahibinden.com,ranked-new-corpus,998813,true
new-0791,https://spankbang.com/,spankbang.com,ranked-new-corpus,998812,true
new-0792,https://nu.nl/,nu.nl,ranked-new-corpus,998811,true
new-0793,https://coursera.org/,coursera.org,ranked-new-corpus,998810,true
new-0794,https://fmkorea.com/,fmkorea.com,ranked-new-corpus,998809,true
new-0795,https://rule34.xxx/,rule34.xxx,ranked-new-corpus,998808,true
new-0796,https://indiamart.com/,indiamart.com,ranked-new-corpus,998807,true
new-0797,https://xhtotal.com/,xhtotal.com,ranked-new-corpus,998806,true
new-0798,https://privacy-mgmt.com/,privacy-mgmt.com,ranked-new-corpus,998805,true
new-0799,https://t-bank-app.ru/,t-bank-app.ru,ranked-new-corpus,998804,true
new-0800,https://waze.com/,waze.com,ranked-new-corpus,998803,true
new-0801,https://fb.me/,fb.me,ranked-new-corpus,998802,true
new-0802,https://dcinside.com/,dcinside.com,ranked-new-corpus,998800,true
new-0803,https://dribbble.com/,dribbble.com,ranked-new-corpus,998799,true
new-0804,https://rocketmoney.dev/,rocketmoney.dev,ranked-new-corpus,998798,true
new-0805,https://rightmove.co.uk/,rightmove.co.uk,ranked-new-corpus,998797,true
new-0806,https://janitorai.com/,janitorai.com,ranked-new-corpus,998796,true
new-0807,https://xhamster19.com/,xhamster19.com,ranked-new-corpus,998795,true
new-0808,https://pornpics.com/,pornpics.com,ranked-new-corpus,998794,true
new-0809,https://rings.solutions/,rings.solutions,ranked-new-corpus,998793,true
new-0810,https://siemens.com/,siemens.com,ranked-new-corpus,998792,true
new-0811,https://lequipe.fr/,lequipe.fr,ranked-new-corpus,998791,true
new-0812,https://pandora.com/,pandora.com,ranked-new-corpus,998790,true
new-0813,https://ay267.com/,ay267.com,ranked-new-corpus,998789,true
new-0814,https://vg.no/,vg.no,ranked-new-corpus,998788,true
new-0815,https://phncdn.com/,phncdn.com,ranked-new-corpus,998787,true
new-0816,https://xhspot.com/,xhspot.com,ranked-new-corpus,998786,true
new-0817,https://upenn.edu/,upenn.edu,ranked-new-corpus,998785,true
new-0818,https://acesso.gov.br/,acesso.gov.br,ranked-new-corpus,998784,true
new-0819,https://lichess.org/,lichess.org,ranked-new-corpus,998783,true
new-0820,https://remove.bg/,remove.bg,ranked-new-corpus,998782,true
new-0821,https://kernel.org/,kernel.org,ranked-new-corpus,998781,true
new-0822,https://nrk.no/,nrk.no,ranked-new-corpus,998780,true
new-0823,https://meesho.com/,meesho.com,ranked-new-corpus,998779,true
new-0824,https://myntra.com/,myntra.com,ranked-new-corpus,998778,true
new-0825,https://marktplaats.nl/,marktplaats.nl,ranked-new-corpus,998777,true
new-0826,https://psychologytoday.com/,psychologytoday.com,ranked-new-corpus,998776,true
new-0827,https://namecheaphosting.com/,namecheaphosting.com,ranked-new-corpus,998775,true
new-0828,https://namu.wiki/,namu.wiki,ranked-new-corpus,998774,true
new-0829,https://xhopen.com/,xhopen.com,ranked-new-corpus,998773,true
new-0830,https://dlsite.com/,dlsite.com,ranked-new-corpus,998772,true
new-0831,https://kakao.com/,kakao.com,ranked-new-corpus,998771,true
new-0832,https://admin.ch/,admin.ch,ranked-new-corpus,998768,true
new-0833,https://elster.de/,elster.de,ranked-new-corpus,998767,true
new-0834,https://rutube.ru/,rutube.ru,ranked-new-corpus,998766,true
new-0835,https://savefrom.net/,savefrom.net,ranked-new-corpus,998765,true
new-0836,https://gazzetta.it/,gazzetta.it,ranked-new-corpus,998763,true
new-0837,https://boyfriendtv.com/,boyfriendtv.com,ranked-new-corpus,998762,true
new-0838,https://tradplusad.com/,tradplusad.com,ranked-new-corpus,998761,true
new-0839,https://vscode-cdn.net/,vscode-cdn.net,ranked-new-corpus,998760,true
new-0840,https://blackberry.net/,blackberry.net,ranked-new-corpus,998759,true
new-0841,https://adfuse-ssp.com/,adfuse-ssp.com,ranked-new-corpus,998758,true
new-0842,https://adaether.com/,adaether.com,ranked-new-corpus,998756,true
new-0843,https://divar.ir/,divar.ir,ranked-new-corpus,998755,true
new-0844,https://furaffinity.net/,furaffinity.net,ranked-new-corpus,998754,true
new-0845,https://idealista.com/,idealista.com,ranked-new-corpus,998753,true
new-0846,https://dyingbirds.com/,dyingbirds.com,ranked-new-corpus,998752,true
new-0847,https://hln.be/,hln.be,ranked-new-corpus,998751,true
new-0848,https://fetlife.com/,fetlife.com,ranked-new-corpus,998750,true
new-0849,https://google.co.jp/,google.co.jp,ranked-new-corpus,998749,true
new-0850,https://yr.no/,yr.no,ranked-new-corpus,998748,true
new-0851,https://argos.co.uk/,argos.co.uk,ranked-new-corpus,998747,true
new-0852,https://litnet.com/,litnet.com,ranked-new-corpus,998746,true
new-0853,https://jusbrasil.com.br/,jusbrasil.com.br,ranked-new-corpus,998745,true
new-0854,https://biomedcentral.com/,biomedcentral.com,ranked-new-corpus,998744,true
new-0855,https://xhamster1.desi/,xhamster1.desi,ranked-new-corpus,998743,true
new-0856,https://xhsocial.com/,xhsocial.com,ranked-new-corpus,998742,true
new-0857,https://mundodeportivo.com/,mundodeportivo.com,ranked-new-corpus,998741,true
new-0858,https://postgresql.org/,postgresql.org,ranked-new-corpus,998740,true
new-0859,https://fanfiction.net/,fanfiction.net,ranked-new-corpus,998739,true
new-0860,https://amap.com/,amap.com,ranked-new-corpus,998738,true
new-0861,https://ap4r.com/,ap4r.com,ranked-new-corpus,998737,true
new-0862,https://livedoor.com/,livedoor.com,ranked-new-corpus,998736,true
new-0863,https://labs.google/,labs.google,ranked-new-corpus,998735,true
new-0864,https://livescore.com/,livescore.com,ranked-new-corpus,998734,true
new-0865,https://tendawifi.com/,tendawifi.com,ranked-new-corpus,998733,true
new-0866,https://verify.hn/,verify.hn,ranked-new-corpus,998732,true
new-0867,https://makemytrip.com/,makemytrip.com,ranked-new-corpus,998731,true
new-0868,https://wswebpic.com/,wswebpic.com,ranked-new-corpus,998730,true
new-0869,https://youporn.com/,youporn.com,ranked-new-corpus,998729,true
new-0870,https://ladepeche.fr/,ladepeche.fr,ranked-new-corpus,998728,true
new-0871,https://abc.net.au/,abc.net.au,ranked-new-corpus,998727,true
new-0872,https://donmai.us/,donmai.us,ranked-new-corpus,998726,true
new-0873,https://naukri.com/,naukri.com,ranked-new-corpus,998725,true
new-0874,https://donga.com/,donga.com,ranked-new-corpus,998724,true
new-0875,https://wshifen.com/,wshifen.com,ranked-new-corpus,998723,true
new-0876,https://bmj.com/,bmj.com,ranked-new-corpus,998722,true
new-0877,https://canada.ca/,canada.ca,ranked-new-corpus,998721,true
new-0878,https://websitewelcome.com/,websitewelcome.com,ranked-new-corpus,998720,true
new-0879,https://emag.ro/,emag.ro,ranked-new-corpus,998719,true
new-0880,https://cricbuzz.com/,cricbuzz.com,ranked-new-corpus,998718,true
new-0881,https://id.me/,id.me,ranked-new-corpus,998717,true
new-0882,https://psu.edu/,psu.edu,ranked-new-corpus,998716,true
new-0883,https://polybuzz.ai/,polybuzz.ai,ranked-new-corpus,998715,true
new-0884,https://noodlemagazine.com/,noodlemagazine.com,ranked-new-corpus,998714,true
new-0885,https://hai8g.com/,hai8g.com,ranked-new-corpus,998713,true
new-0886,https://cdiscount.com/,cdiscount.com,ranked-new-corpus,998712,true
new-0887,https://xhtv.today/,xhtv.today,ranked-new-corpus,998711,true
new-0888,https://actu.fr/,actu.fr,ranked-new-corpus,998709,true
new-0889,https://deepseek.com/,deepseek.com,ranked-new-corpus,998708,true
new-0890,https://beboo.ru/,beboo.ru,ranked-new-corpus,998707,true
new-0891,https://hugedomains.com/,hugedomains.com,ranked-new-corpus,998706,true
new-0892,https://tori.fi/,tori.fi,ranked-new-corpus,998705,true
new-0893,https://digikala.com/,digikala.com,ranked-new-corpus,998704,true
new-0894,https://bbb.org/,bbb.org,ranked-new-corpus,998703,true
new-0895,https://mmechocaptiveportal.com/,mmechocaptiveportal.com,ranked-new-corpus,998702,true
new-0896,https://merriam-webster.com/,merriam-webster.com,ranked-new-corpus,998701,true
new-0897,https://rustdesk.com/,rustdesk.com,ranked-new-corpus,998700,true
new-0898,https://f95zone.to/,f95zone.to,ranked-new-corpus,998699,true
new-0899,https://xham.live/,xham.live,ranked-new-corpus,998698,true
new-0900,https://justdial.com/,justdial.com,ranked-new-corpus,998697,true
new-0901,https://suumo.jp/,suumo.jp,ranked-new-corpus,998696,true
new-0902,https://ilfattoquotidiano.it/,ilfattoquotidiano.it,ranked-new-corpus,998695,true
new-0903,https://xvideos-cdn.com/,xvideos-cdn.com,ranked-new-corpus,998694,true
new-0904,https://faphouse2.com/,faphouse2.com,ranked-new-corpus,998693,true
new-0905,https://grow.google/,grow.google,ranked-new-corpus,998692,true
new-0906,https://jstor.org/,jstor.org,ranked-new-corpus,998691,true
new-0907,https://funpay.com/,funpay.com,ranked-new-corpus,998690,true
new-0908,https://bilibili.tv/,bilibili.tv,ranked-new-corpus,998689,true
new-0909,https://playhop.com/,playhop.com,ranked-new-corpus,998688,true
new-0910,https://luugy.com/,luugy.com,ranked-new-corpus,998687,true
new-0911,https://wiktionary.org/,wiktionary.org,ranked-new-corpus,998686,true
new-0912,https://oneme.ru/,oneme.ru,ranked-new-corpus,998685,true
new-0913,https://sotwe.com/,sotwe.com,ranked-new-corpus,998684,true
new-0914,https://rajasthan.gov.in/,rajasthan.gov.in,ranked-new-corpus,998683,true
new-0915,https://meteofrance.com/,meteofrance.com,ranked-new-corpus,998682,true
new-0916,https://aternos.org/,aternos.org,ranked-new-corpus,998681,true
new-0917,https://pornone.com/,pornone.com,ranked-new-corpus,998680,true
new-0918,https://lookmovie2.to/,lookmovie2.to,ranked-new-corpus,998679,true
new-0919,https://vercel-dns.com/,vercel-dns.com,ranked-new-corpus,998678,true
new-0920,https://ctdns.cn/,ctdns.cn,ranked-new-corpus,998677,true
new-0921,https://mydramalist.com/,mydramalist.com,ranked-new-corpus,998676,true
new-0922,https://calculator.net/,calculator.net,ranked-new-corpus,998675,true
new-0923,https://publicnode.com/,publicnode.com,ranked-new-corpus,998674,true
new-0924,https://youjizz.com/,youjizz.com,ranked-new-corpus,998673,true
new-0925,https://netkeiba.com/,netkeiba.com,ranked-new-corpus,998672,true
new-0926,https://ynet.co.il/,ynet.co.il,ranked-new-corpus,998671,true
new-0927,https://charter.net/,charter.net,ranked-new-corpus,998670,true
new-0928,https://rambler.ru/,rambler.ru,ranked-new-corpus,998669,true
new-0929,https://arca.live/,arca.live,ranked-new-corpus,998668,true
new-0930,https://tgju.org/,tgju.org,ranked-new-corpus,998667,true
new-0931,https://thisvid.com/,thisvid.com,ranked-new-corpus,998666,true
new-0932,https://xxxbp.tv/,xxxbp.tv,ranked-new-corpus,998665,true
new-0933,https://ruliweb.com/,ruliweb.com,ranked-new-corpus,998664,true
new-0934,https://hollywoodbets.net/,hollywoodbets.net,ranked-new-corpus,998663,true
new-0935,https://navitime.co.jp/,navitime.co.jp,ranked-new-corpus,998662,true
new-0936,https://rfc-editor.org/,rfc-editor.org,ranked-new-corpus,998661,true
new-0937,https://redtube.com/,redtube.com,ranked-new-corpus,998660,true
new-0938,https://gst.gov.in/,gst.gov.in,ranked-new-corpus,998659,true
new-0939,https://subito.it/,subito.it,ranked-new-corpus,998658,true
new-0940,https://huffingtonpost.com/,huffingtonpost.com,ranked-new-corpus,998657,true
new-0941,https://bihar.gov.in/,bihar.gov.in,ranked-new-corpus,998655,true
new-0942,https://e621.net/,e621.net,ranked-new-corpus,998654,true
new-0943,https://jalan.net/,jalan.net,ranked-new-corpus,998653,true
new-0944,https://asurascans.com/,asurascans.com,ranked-new-corpus,998652,true
new-0945,https://mediaexpert.pl/,mediaexpert.pl,ranked-new-corpus,998651,true
new-0946,https://aznude.com/,aznude.com,ranked-new-corpus,998650,true
new-0947,https://riotcdn.net/,riotcdn.net,ranked-new-corpus,998649,true
new-0948,https://sport.es/,sport.es,ranked-new-corpus,998648,true
new-0949,https://karnataka.gov.in/,karnataka.gov.in,ranked-new-corpus,998647,true
new-0950,https://businesswire.com/,businesswire.com,ranked-new-corpus,998646,true
new-0951,https://weathernews.jp/,weathernews.jp,ranked-new-corpus,998645,true
new-0952,https://turkiye.gov.tr/,turkiye.gov.tr,ranked-new-corpus,998644,true
new-0953,https://alikunlun.com/,alikunlun.com,ranked-new-corpus,998643,true
new-0954,https://locaweb.com.br/,locaweb.com.br,ranked-new-corpus,998642,true
new-0955,https://leroymerlin.fr/,leroymerlin.fr,ranked-new-corpus,998641,true
new-0956,https://irs.gov/,irs.gov,ranked-new-corpus,998640,true
new-0957,https://fdown.net/,fdown.net,ranked-new-corpus,998639,true
new-0958,https://pornhub.org/,pornhub.org,ranked-new-corpus,998638,true
new-0959,https://comix.to/,comix.to,ranked-new-corpus,998637,true
new-0960,https://missav.ws/,missav.ws,ranked-new-corpus,998636,true
new-0961,https://e-hentai.org/,e-hentai.org,ranked-new-corpus,998635,true
new-0962,https://haberler.com/,haberler.com,ranked-new-corpus,998634,true
new-0963,https://sportybet.com/,sportybet.com,ranked-new-corpus,998633,true
new-0964,https://oricon.co.jp/,oricon.co.jp,ranked-new-corpus,998632,true
new-0965,https://sexvid.xxx/,sexvid.xxx,ranked-new-corpus,998631,true
new-0966,https://rule34video.com/,rule34video.com,ranked-new-corpus,998630,true
new-0967,https://varzesh3.com/,varzesh3.com,ranked-new-corpus,998629,true
new-0968,https://nesine.com/,nesine.com,ranked-new-corpus,998628,true
new-0969,https://zalando.de/,zalando.de,ranked-new-corpus,998627,true
new-0970,https://sex-studentki.team/,sex-studentki.team,ranked-new-corpus,998626,true
new-0971,https://xserver.jp/,xserver.jp,ranked-new-corpus,998625,true
new-0972,https://bookmyshow.com/,bookmyshow.com,ranked-new-corpus,998624,true
new-0973,https://cardgames.io/,cardgames.io,ranked-new-corpus,998623,true
new-0974,https://platorelay.com/,platorelay.com,ranked-new-corpus,998622,true
new-0975,https://mbga.jp/,mbga.jp,ranked-new-corpus,998621,true
new-0976,https://novinky.cz/,novinky.cz,ranked-new-corpus,998620,true
new-0977,https://mercadolibre.com/,mercadolibre.com,ranked-new-corpus,998619,true
new-0978,https://nikkansports.com/,nikkansports.com,ranked-new-corpus,998618,true
new-0979,https://dw.com/,dw.com,ranked-new-corpus,998617,true
new-0980,https://cam.ac.uk/,cam.ac.uk,ranked-new-corpus,998616,true
new-0981,https://incometax.gov.in/,incometax.gov.in,ranked-new-corpus,998615,true
new-0982,https://xhwide.com/,xhwide.com,ranked-new-corpus,998614,true
new-0983,https://okdiario.com/,okdiario.com,ranked-new-corpus,998613,true
new-0984,https://ilmeteo.it/,ilmeteo.it,ranked-new-corpus,998612,true
new-0985,https://dagbladet.no/,dagbladet.no,ranked-new-corpus,998611,true
new-0986,https://idealista.it/,idealista.it,ranked-new-corpus,998610,true
new-0987,https://9ffyu1g9c.com/,9ffyu1g9c.com,ranked-new-corpus,998609,true
new-0988,https://tenki.jp/,tenki.jp,ranked-new-corpus,998607,true
new-0989,https://mangabuff.ru/,mangabuff.ru,ranked-new-corpus,998606,true
new-0990,https://nosv.org/,nosv.org,ranked-new-corpus,998605,true
new-0991,https://syosetu.com/,syosetu.com,ranked-new-corpus,998604,true
new-0992,https://uidai.gov.in/,uidai.gov.in,ranked-new-corpus,998603,true
new-0993,https://cronista.com/,cronista.com,ranked-new-corpus,998602,true
new-0994,https://zozo.jp/,zozo.jp,ranked-new-corpus,998601,true
new-0995,https://googleapis.cn/,googleapis.cn,ranked-new-corpus,998600,true
new-0996,https://action.com/,action.com,ranked-new-corpus,998599,true
new-0997,https://zedge.net/,zedge.net,ranked-new-corpus,998598,true
new-0998,https://poste.it/,poste.it,ranked-new-corpus,998597,true
new-0999,https://ixxx.com/,ixxx.com,ranked-new-corpus,998596,true
new-1000,https://xnxx.tv/,xnxx.tv,ranked-new-corpus,998595,true
new-1001,https://property24.com/,property24.com,ranked-new-corpus,998594,true
new-1002,https://ukdevilz.com/,ukdevilz.com,ranked-new-corpus,998593,true
new-1003,https://edna.ru/,edna.ru,ranked-new-corpus,998592,true
new-1004,https://inps.it/,inps.it,ranked-new-corpus,998591,true
new-1005,https://iltalehti.fi/,iltalehti.fi,ranked-new-corpus,998590,true
new-1006,https://txnhh.com/,txnhh.com,ranked-new-corpus,998589,true
new-1007,https://moe.video/,moe.video,ranked-new-corpus,998588,true
new-1008,https://iporntv.net/,iporntv.net,ranked-new-corpus,998587,true
new-1009,https://aljazeera.com/,aljazeera.com,ranked-new-corpus,998586,true
new-1010,https://porno365.golf/,porno365.golf,ranked-new-corpus,998585,true
new-1011,https://otomoto.pl/,otomoto.pl,ranked-new-corpus,998584,true
new-1012,https://protothema.gr/,protothema.gr,ranked-new-corpus,998583,true
new-1013,https://fapello.com/,fapello.com,ranked-new-corpus,998581,true
new-1014,https://xvv1deos.com/,xvv1deos.com,ranked-new-corpus,998580,true
new-1015,https://hostpoint.ch/,hostpoint.ch,ranked-new-corpus,998579,true
new-1016,https://jutarnji.hr/,jutarnji.hr,ranked-new-corpus,998578,true
new-1017,https://sozcu.com.tr/,sozcu.com.tr,ranked-new-corpus,998577,true
new-1018,https://betway.co.za/,betway.co.za,ranked-new-corpus,998576,true
new-1019,https://ovhcloud.com/,ovhcloud.com,ranked-new-corpus,998575,true
new-1020,https://index.hr/,index.hr,ranked-new-corpus,998574,true
new-1021,https://24h.com.vn/,24h.com.vn,ranked-new-corpus,998573,true
new-1022,https://hik-connect.com/,hik-connect.com,ranked-new-corpus,998572,true
new-1023,https://blic.rs/,blic.rs,ranked-new-corpus,998571,true
new-1024,https://loobygamesonline.com/,loobygamesonline.com,ranked-new-corpus,998570,true
new-1025,https://3bmeteo.com/,3bmeteo.com,ranked-new-corpus,998569,true
new-1026,https://omg10.com/,omg10.com,ranked-new-corpus,998568,true
new-1027,https://evo-games.com/,evo-games.com,ranked-new-corpus,998567,true
new-1028,https://elsevier.com/,elsevier.com,ranked-new-corpus,998566,true
new-1029,https://gamewith.jp/,gamewith.jp,ranked-new-corpus,998565,true
new-1030,https://cardmarket.com/,cardmarket.com,ranked-new-corpus,998564,true
new-1031,https://fpo.xxx/,fpo.xxx,ranked-new-corpus,998563,true
new-1032,https://ultradns.com/,ultradns.com,ranked-new-corpus,998562,true
new-1033,https://gcash.com/,gcash.com,ranked-new-corpus,998561,true
new-1034,https://ssstik.io/,ssstik.io,ranked-new-corpus,998560,true
new-1035,https://carsensor.net/,carsensor.net,ranked-new-corpus,998559,true
new-1036,https://ficbook.net/,ficbook.net,ranked-new-corpus,998558,true
new-1037,https://hitomi.la/,hitomi.la,ranked-new-corpus,998557,true
new-1038,https://futbin.com/,futbin.com,ranked-new-corpus,998556,true
new-1039,https://iana.org/,iana.org,ranked-new-corpus,998555,true
new-1040,https://imagefap.com/,imagefap.com,ranked-new-corpus,998554,true
new-1041,https://jagran.com/,jagran.com,ranked-new-corpus,998553,true
new-1042,https://pussyspace.com/,pussyspace.com,ranked-new-corpus,998552,true
new-1043,https://filmweb.pl/,filmweb.pl,ranked-new-corpus,998551,true
new-1044,https://spankbang.party/,spankbang.party,ranked-new-corpus,998550,true
new-1045,https://luxuretv.com/,luxuretv.com,ranked-new-corpus,998549,true
new-1046,https://hdporncomics.com/,hdporncomics.com,ranked-new-corpus,998548,true
new-1047,https://ekstrabladet.dk/,ekstrabladet.dk,ranked-new-corpus,998547,true
new-1048,https://ppomppu.co.kr/,ppomppu.co.kr,ranked-new-corpus,998546,true
new-1049,https://inxxx.com/,inxxx.com,ranked-new-corpus,998545,true
new-1050,https://theblowers.com/,theblowers.com,ranked-new-corpus,998544,true
new-1051,https://linkis.ru/,linkis.ru,ranked-new-corpus,998543,true
new-1052,https://leroymerlin.es/,leroymerlin.es,ranked-new-corpus,998542,true
new-1053,https://torob.com/,torob.com,ranked-new-corpus,998541,true
new-1054,https://superporn.com/,superporn.com,ranked-new-corpus,998540,true
new-1055,https://klikbca.com/,klikbca.com,ranked-new-corpus,998539,true
new-1056,https://fedoraproject.org/,fedoraproject.org,ranked-new-corpus,998538,true
new-1057,https://kooora.com/,kooora.com,ranked-new-corpus,998537,true
new-1058,https://letsporn.com/,letsporn.com,ranked-new-corpus,998536,true
new-1059,https://jable.tv/,jable.tv,ranked-new-corpus,998535,true
new-1060,https://crn77.com/,crn77.com,ranked-new-corpus,998534,true
new-1061,https://xvideos2.com/,xvideos2.com,ranked-new-corpus,998533,true
new-1062,https://nfse.gov.br/,nfse.gov.br,ranked-new-corpus,998532,true
new-1063,https://inleed.net/,inleed.net,ranked-new-corpus,998531,true
new-1064,https://hdtube.porn/,hdtube.porn,ranked-new-corpus,998530,true
new-1065,https://liteapks.com/,liteapks.com,ranked-new-corpus,998528,true
new-1066,https://zee5.com/,zee5.com,ranked-new-corpus,998527,true
new-1067,https://markt.de/,markt.de,ranked-new-corpus,998526,true
new-1068,https://epfindia.gov.in/,epfindia.gov.in,ranked-new-corpus,998525,true
new-1069,https://toyhou.se/,toyhou.se,ranked-new-corpus,998524,true
new-1070,https://rat.xxx/,rat.xxx,ranked-new-corpus,998523,true
new-1071,https://bblaa.com/,bblaa.com,ranked-new-corpus,998522,true
new-1072,https://eenadu.net/,eenadu.net,ranked-new-corpus,998521,true
new-1073,https://sxyprn.com/,sxyprn.com,ranked-new-corpus,998520,true
new-1074,https://upskirt.tv/,upskirt.tv,ranked-new-corpus,998519,true
new-1075,https://eci.gov.in/,eci.gov.in,ranked-new-corpus,998518,true
new-1076,https://dogdrip.net/,dogdrip.net,ranked-new-corpus,998517,true
new-1077,https://testbook.com/,testbook.com,ranked-new-corpus,998516,true
new-1078,https://xnxx2.com/,xnxx2.com,ranked-new-corpus,998515,true
new-1079,https://xnxx.health/,xnxx.health,ranked-new-corpus,998514,true
new-1080,https://ucla.edu/,ucla.edu,ranked-new-corpus,998513,true
new-1081,https://mangago.me/,mangago.me,ranked-new-corpus,998511,true
new-1082,https://playfabapi.com/,playfabapi.com,ranked-new-corpus,998510,true
new-1083,https://bookmark.xxx/,bookmark.xxx,ranked-new-corpus,998509,true
new-1084,https://1mg.com/,1mg.com,ranked-new-corpus,998508,true
new-1085,https://ioh.co.id/,ioh.co.id,ranked-new-corpus,998507,true
new-1086,https://xvideos.es/,xvideos.es,ranked-new-corpus,998506,true
new-1087,https://simpcity.cr/,simpcity.cr,ranked-new-corpus,998505,true
new-1088,https://wisc.edu/,wisc.edu,ranked-new-corpus,998504,true
new-1089,https://xnxx.es/,xnxx.es,ranked-new-corpus,998503,true
new-1090,https://missav.live/,missav.live,ranked-new-corpus,998501,true
new-1091,https://myinstants.com/,myinstants.com,ranked-new-corpus,998500,true
new-1092,https://wpastra.com/,wpastra.com,ranked-new-corpus,998499,true
new-1093,https://immobiliare.it/,immobiliare.it,ranked-new-corpus,998498,true
new-1094,https://xnxx-arabic.com/,xnxx-arabic.com,ranked-new-corpus,998497,true
new-1095,https://wb.gov.in/,wb.gov.in,ranked-new-corpus,998496,true
new-1096,https://utorrent.com/,utorrent.com,ranked-new-corpus,998495,true
new-1097,https://ptt.cc/,ptt.cc,ranked-new-corpus,998494,true
new-1098,https://missav.ai/,missav.ai,ranked-new-corpus,998493,true
new-1099,https://cityheaven.net/,cityheaven.net,ranked-new-corpus,998492,true
new-1100,https://kaspi.kz/,kaspi.kz,ranked-new-corpus,998491,true
new-1101,https://joyclub.de/,joyclub.de,ranked-new-corpus,998490,true
new-1102,https://exhentai.org/,exhentai.org,ranked-new-corpus,998489,true
new-1103,https://programme-tv.net/,programme-tv.net,ranked-new-corpus,998488,true
new-1104,https://fatalmodel.com/,fatalmodel.com,ranked-new-corpus,998487,true
new-1105,https://18comic.vip/,18comic.vip,ranked-new-corpus,998486,true
new-1106,https://attn.tv/,attn.tv,ranked-new-corpus,998485,true
new-1107,https://iau.ir/,iau.ir,ranked-new-corpus,998484,true
new-1108,https://umn.edu/,umn.edu,ranked-new-corpus,998483,true
new-1109,https://missav123.com/,missav123.com,ranked-new-corpus,998482,true
new-1110,https://sondakika.com/,sondakika.com,ranked-new-corpus,998481,true
new-1111,https://cmoa.jp/,cmoa.jp,ranked-new-corpus,998480,true
new-1112,https://hanime1.me/,hanime1.me,ranked-new-corpus,998479,true
new-1113,https://vietnam.vn/,vietnam.vn,ranked-new-corpus,998478,true
new-1114,https://ahacdn.me/,ahacdn.me,ranked-new-corpus,998477,true
new-1115,https://bt.dk/,bt.dk,ranked-new-corpus,998476,true
new-1116,https://up.gov.in/,up.gov.in,ranked-new-corpus,998475,true
new-1117,https://musicdel.ir/,musicdel.ir,ranked-new-corpus,998474,true
new-1118,https://sexlog.com/,sexlog.com,ranked-new-corpus,998473,true
new-1119,https://tokyomotion.net/,tokyomotion.net,ranked-new-corpus,998472,true
new-1120,https://shahvani.com/,shahvani.com,ranked-new-corpus,998471,true
new-1121,https://fuq.com/,fuq.com,ranked-new-corpus,998470,true
new-1122,https://vivox.com/,vivox.com,ranked-new-corpus,998469,true
new-1123,https://aajtak.in/,aajtak.in,ranked-new-corpus,998468,true
new-1124,https://casinoplus.com.ph/,casinoplus.com.ph,ranked-new-corpus,998467,true
new-1125,https://usnews.com/,usnews.com,ranked-new-corpus,998466,true
new-1126,https://goodreturns.in/,goodreturns.in,ranked-new-corpus,998465,true
new-1127,https://absher.sa/,absher.sa,ranked-new-corpus,998463,true
new-1128,https://buzzfeed.com/,buzzfeed.com,ranked-new-corpus,998462,true
new-1129,https://twpornstars.com/,twpornstars.com,ranked-new-corpus,998461,true
new-1130,https://indianrail.gov.in/,indianrail.gov.in,ranked-new-corpus,998460,true
new-1131,https://listcrawler.eu/,listcrawler.eu,ranked-new-corpus,998459,true
new-1132,https://czbooks.net/,czbooks.net,ranked-new-corpus,998458,true
new-1133,https://rakuten-sec.co.jp/,rakuten-sec.co.jp,ranked-new-corpus,998457,true
new-1134,https://parivahan.gov.in/,parivahan.gov.in,ranked-new-corpus,998456,true
new-1135,https://wnacg.com/,wnacg.com,ranked-new-corpus,998454,true
new-1136,https://ninisite.com/,ninisite.com,ranked-new-corpus,998453,true
new-1137,https://youm7.com/,youm7.com,ranked-new-corpus,998452,true
new-1138,https://luticlip.com/,luticlip.com,ranked-new-corpus,998451,true
new-1139,https://sinoptik.ua/,sinoptik.ua,ranked-new-corpus,998450,true
new-1140,https://croxyproxy.com/,croxyproxy.com,ranked-new-corpus,998449,true
new-1141,https://kakuyomu.jp/,kakuyomu.jp,ranked-new-corpus,998448,true
new-1142,https://snaptik.app/,snaptik.app,ranked-new-corpus,998447,true
new-1143,https://mat6tube.com/,mat6tube.com,ranked-new-corpus,998445,true
new-1144,https://qorno.com/,qorno.com,ranked-new-corpus,998444,true
new-1145,https://therapservices.net/,therapservices.net,ranked-new-corpus,998442,true
new-1146,https://bikewale.com/,bikewale.com,ranked-new-corpus,998441,true
new-1147,https://porn300.com/,porn300.com,ranked-new-corpus,998440,true
new-1148,https://mgslb.com/,mgslb.com,ranked-new-corpus,998439,true
new-1149,https://myreadingmanga.info/,myreadingmanga.info,ranked-new-corpus,998438,true
new-1150,https://theqoo.net/,theqoo.net,ranked-new-corpus,998437,true
new-1151,https://trilltrill.jp/,trilltrill.jp,ranked-new-corpus,998436,true
new-1152,https://osym.gov.tr/,osym.gov.tr,ranked-new-corpus,998435,true
new-1153,https://akamaitechnologies.com/,akamaitechnologies.com,ranked-new-corpus,998434,true
new-1154,https://serviporno.com/,serviporno.com,ranked-new-corpus,998433,true
new-1155,https://fastdl.app/,fastdl.app,ranked-new-corpus,998432,true
new-1156,https://themoviedb.org/,themoviedb.org,ranked-new-corpus,998431,true
new-1157,https://tupi.fm/,tupi.fm,ranked-new-corpus,998429,true
new-1158,https://porno666.fo/,porno666.fo,ranked-new-corpus,998428,true
new-1159,https://supjav.com/,supjav.com,ranked-new-corpus,998427,true
new-1160,https://sun.com/,sun.com,ranked-new-corpus,998426,true
new-1161,https://bingoplus.com/,bingoplus.com,ranked-new-corpus,998425,true
new-1162,https://ladies.de/,ladies.de,ranked-new-corpus,998424,true
new-1163,https://meteociel.fr/,meteociel.fr,ranked-new-corpus,998423,true
new-1164,https://afip.gob.ar/,afip.gob.ar,ranked-new-corpus,998422,true
new-1165,https://syosetu.org/,syosetu.org,ranked-new-corpus,998421,true
new-1166,https://apigee.net/,apigee.net,ranked-new-corpus,998420,true
new-1167,https://screener.in/,screener.in,ranked-new-corpus,998419,true
new-1168,https://nya2.com/,nya2.com,ranked-new-corpus,998418,true
new-1169,https://kompoz2.com/,kompoz2.com,ranked-new-corpus,998417,true
new-1170,https://imgsrc.ru/,imgsrc.ru,ranked-new-corpus,998416,true
new-1171,https://jav.guru/,jav.guru,ranked-new-corpus,998415,true
new-1172,https://uci.edu/,uci.edu,ranked-new-corpus,998414,true
new-1173,https://skokka.com/,skokka.com,ranked-new-corpus,998413,true
new-1174,https://autoplius.lt/,autoplius.lt,ranked-new-corpus,998412,true
new-1175,https://pussyboy.net/,pussyboy.net,ranked-new-corpus,998411,true
new-1176,https://rayjump.com/,rayjump.com,ranked-new-corpus,998410,true
new-1177,https://tjk.org/,tjk.org,ranked-new-corpus,998409,true
new-1178,https://skelbiu.lt/,skelbiu.lt,ranked-new-corpus,998408,true
new-1179,https://mamastar.jp/,mamastar.jp,ranked-new-corpus,998407,true
new-1180,https://sapo.pt/,sapo.pt,ranked-new-corpus,998406,true
new-1181,https://oddspark.com/,oddspark.com,ranked-new-corpus,998405,true
new-1182,https://betika.com/,betika.com,ranked-new-corpus,998404,true
new-1183,https://chordtela.com/,chordtela.com,ranked-new-corpus,998403,true
new-1184,https://anybunny.org/,anybunny.org,ranked-new-corpus,998402,true
new-1185,https://girlschannel.net/,girlschannel.net,ranked-new-corpus,998401,true
new-1186,https://indoav.com/,indoav.com,ranked-new-corpus,998400,true
new-1187,https://xxxvideo.link/,xxxvideo.link,ranked-new-corpus,998399,true
new-1188,https://desitales2.com/,desitales2.com,ranked-new-corpus,998398,true
new-1189,https://wonporn.com/,wonporn.com,ranked-new-corpus,998397,true
new-1190,https://azure-api.net/,azure-api.net,ranked-new-corpus,998396,true
new-1191,https://mioffice.cn/,mioffice.cn,ranked-new-corpus,998395,true
new-1192,https://freewebnovel.com/,freewebnovel.com,ranked-new-corpus,998394,true
new-1193,https://indiansexstories3.com/,indiansexstories3.com,ranked-new-corpus,998393,true
new-1194,https://freepornvideo.sex/,freepornvideo.sex,ranked-new-corpus,998392,true
new-1195,https://search-start.org/,search-start.org,ranked-new-corpus,998391,true
new-1196,https://okxxx1.com/,okxxx1.com,ranked-new-corpus,998390,true
new-1197,https://lk21official.cc/,lk21official.cc,ranked-new-corpus,998389,true
new-1198,https://ey43.com/,ey43.com,ranked-new-corpus,998388,true
new-1199,https://redwap.sex/,redwap.sex,ranked-new-corpus,998387,true
new-1200,https://kingbokep.tv/,kingbokep.tv,ranked-new-corpus,998386,true
new-1201,https://goojara.to/,goojara.to,ranked-new-corpus,998385,true
new-1202,https://publi24.ro/,publi24.ro,ranked-new-corpus,998384,true
new-1203,https://sexalarab.com/,sexalarab.com,ranked-new-corpus,998383,true
new-1204,https://mechacomic.jp/,mechacomic.jp,ranked-new-corpus,998382,true
new-1205,https://njavtv.com/,njavtv.com,ranked-new-corpus,998381,true
new-1206,https://ijavhd.com/,ijavhd.com,ranked-new-corpus,998380,true
new-1207,https://arabx.cam/,arabx.cam,ranked-new-corpus,998379,true
new-1208,https://hotxv.com/,hotxv.com,ranked-new-corpus,998378,true
new-1209,https://colliderporn.com/,colliderporn.com,ranked-new-corpus,998377,true
new-1210,https://piccoma.com/,piccoma.com,ranked-new-corpus,998376,true
new-1211,https://fabswingers.com/,fabswingers.com,ranked-new-corpus,998375,true
new-1212,https://spectrum.com/,spectrum.com,ranked-new-corpus,998374,true
new-1213,https://tiktokio.com/,tiktokio.com,ranked-new-corpus,998373,true
new-1214,https://ss.com/,ss.com,ranked-new-corpus,998372,true
new-1215,https://arabxn.sex/,arabxn.sex,ranked-new-corpus,998371,true
new-1216,https://letras.mus.br/,letras.mus.br,ranked-new-corpus,998370,true
new-1217,https://sexnyk.com/,sexnyk.com,ranked-new-corpus,998369,true
new-1218,https://lecturas.com/,lecturas.com,ranked-new-corpus,998368,true
new-1219,https://nustargame.com/,nustargame.com,ranked-new-corpus,998367,true
new-1220,https://twilio.com/,twilio.com,ranked-new-corpus,998366,true
new-1221,https://xorgasmo.com/,xorgasmo.com,ranked-new-corpus,998365,true
new-1222,https://xvideos-ar.com/,xvideos-ar.com,ranked-new-corpus,998364,true
new-1223,https://ptgaming.ph/,ptgaming.ph,ranked-new-corpus,998363,true
new-1224,https://notion.com/,notion.com,ranked-new-corpus,998362,true
new-1225,https://googll.store/,googll.store,ranked-new-corpus,998361,true
new-1226,https://jra.go.jp/,jra.go.jp,ranked-new-corpus,998360,true
new-1227,https://arabtnt.com/,arabtnt.com,ranked-new-corpus,998359,true
new-1228,https://xxx18hot.com/,xxx18hot.com,ranked-new-corpus,998358,true
new-1229,https://hentai.name/,hentai.name,ranked-new-corpus,998357,true
new-1230,https://turbo.az/,turbo.az,ranked-new-corpus,998356,true
new-1231,https://taktube.net/,taktube.net,ranked-new-corpus,998355,true
new-1232,https://ewaybillgst.gov.in/,ewaybillgst.gov.in,ranked-new-corpus,998354,true
new-1233,https://alphapolis.co.jp/,alphapolis.co.jp,ranked-new-corpus,998353,true
new-1234,https://kir2kos.net/,kir2kos.net,ranked-new-corpus,998352,true
new-1235,https://patria.org.ve/,patria.org.ve,ranked-new-corpus,998351,true
new-1236,https://an1.com/,an1.com,ranked-new-corpus,998350,true
new-1237,https://afribaba.com/,afribaba.com,ranked-new-corpus,998349,true
new-1238,https://flashscore.mobi/,flashscore.mobi,ranked-new-corpus,998348,true
new-1239,https://skipthegames.com/,skipthegames.com,ranked-new-corpus,998347,true
new-1240,https://darkero.com/,darkero.com,ranked-new-corpus,998346,true
new-1241,https://zbporn.tv/,zbporn.tv,ranked-new-corpus,998345,true
new-1242,https://mileroticos.com/,mileroticos.com,ranked-new-corpus,998344,true
new-1243,https://flashscore.fr/,flashscore.fr,ranked-new-corpus,998343,true
new-1244,https://salonboard.com/,salonboard.com,ranked-new-corpus,998342,true
new-1245,https://betking.com/,betking.com,ranked-new-corpus,998341,true
new-1246,https://bakusai.com/,bakusai.com,ranked-new-corpus,998340,true
new-1247,https://xosodaiphat.com/,xosodaiphat.com,ranked-new-corpus,998339,true
new-1248,https://acm.org/,acm.org,ranked-new-corpus,998338,true
new-1249,https://zebawy.com/,zebawy.com,ranked-new-corpus,998337,true
new-1250,https://sportfilm800.com/,sportfilm800.com,ranked-new-corpus,998336,true
new-1251,https://keirin.jp/,keirin.jp,ranked-new-corpus,998335,true
new-1252,https://escort.club/,escort.club,ranked-new-corpus,998334,true
new-1253,https://xpaja.net/,xpaja.net,ranked-new-corpus,998333,true
new-1254,https://humoruniv.com/,humoruniv.com,ranked-new-corpus,998332,true
new-1255,https://arbada.com/,arbada.com,ranked-new-corpus,998331,true
new-1256,https://eff.org/,eff.org,ranked-new-corpus,998330,true
new-1257,https://ecnavi.jp/,ecnavi.jp,ranked-new-corpus,998329,true
new-1258,https://eepurl.com/,eepurl.com,ranked-new-corpus,998328,true
new-1259,https://arionplay.com/,arionplay.com,ranked-new-corpus,998327,true
new-1260,https://digitallocker.gov.in/,digitallocker.gov.in,ranked-new-corpus,998326,true
new-1261,https://jra.jp/,jra.jp,ranked-new-corpus,998325,true
new-1262,https://betano.pe/,betano.pe,ranked-new-corpus,998324,true
new-1263,https://indown.io/,indown.io,ranked-new-corpus,998323,true
new-1264,https://overwolf.com/,overwolf.com,ranked-new-corpus,998322,true
new-1265,https://33apk.com/,33apk.com,ranked-new-corpus,998321,true
new-1266,https://promiedos.com.ar/,promiedos.com.ar,ranked-new-corpus,998320,true
new-1267,https://hh.ru/,hh.ru,ranked-new-corpus,998319,true
new-1268,https://twkan.com/,twkan.com,ranked-new-corpus,998318,true
new-1269,https://dto.jp/,dto.jp,ranked-new-corpus,998317,true
new-1270,https://choiceadvantage.com/,choiceadvantage.com,ranked-new-corpus,998316,true
new-1271,https://eroterest.net/,eroterest.net,ranked-new-corpus,998315,true
new-1272,https://sarkariresult.com.cm/,sarkariresult.com.cm,ranked-new-corpus,998314,true
new-1273,https://kemkes.go.id/,kemkes.go.id,ranked-new-corpus,998313,true
new-1274,https://momon-ga.com/,momon-ga.com,ranked-new-corpus,998312,true
new-1275,https://manhwaweb.com/,manhwaweb.com,ranked-new-corpus,998311,true
new-1276,https://animanch.com/,animanch.com,ranked-new-corpus,998310,true
new-1277,https://betpawa.ug/,betpawa.ug,ranked-new-corpus,998309,true
new-1278,https://livescore.cz/,livescore.cz,ranked-new-corpus,998308,true
new-1279,https://stackexchange.com/,stackexchange.com,ranked-new-corpus,998307,true
new-1280,https://tjsp.jus.br/,tjsp.jus.br,ranked-new-corpus,998306,true
new-1281,https://pmkisan.gov.in/,pmkisan.gov.in,ranked-new-corpus,998305,true
new-1282,https://rexporn.sex/,rexporn.sex,ranked-new-corpus,998304,true
new-1283,https://goal7.co/,goal7.co,ranked-new-corpus,998303,true
new-1284,https://bancodevenezuela.com/,bancodevenezuela.com,ranked-new-corpus,998302,true
new-1285,https://ojogodobicho.com/,ojogodobicho.com,ranked-new-corpus,998301,true
new-1286,https://hdhub4u.cl/,hdhub4u.cl,ranked-new-corpus,998300,true
new-1287,https://pornobrasil.com/,pornobrasil.com,ranked-new-corpus,998299,true
new-1288,https://xsmn.mobi/,xsmn.mobi,ranked-new-corpus,998298,true
new-1289,https://fabguys.com/,fabguys.com,ranked-new-corpus,998297,true
new-1290,https://orange.fr/,orange.fr,ranked-new-corpus,998296,true
new-1291,https://betano.bet.ar/,betano.bet.ar,ranked-new-corpus,998295,true
new-1292,https://minhngoc.net.vn/,minhngoc.net.vn,ranked-new-corpus,998294,true
new-1293,https://espn.com.ve/,espn.com.ve,ranked-new-corpus,998293,true
new-1294,https://csc.gov.in/,csc.gov.in,ranked-new-corpus,998292,true
new-1295,https://dns-shop.ru/,dns-shop.ru,ranked-new-corpus,998291,true
new-1296,https://triunfobet.com/,triunfobet.com,ranked-new-corpus,998290,true
new-1297,https://xoso.com.vn/,xoso.com.vn,ranked-new-corpus,998289,true
new-1298,https://packzy.com/,packzy.com,ranked-new-corpus,998287,true
new-1299,https://mobiledokan.com/,mobiledokan.com,ranked-new-corpus,998285,true
new-1300,https://rustore.ru/,rustore.ru,ranked-new-corpus,998284,true
new-1301,https://akismet.com/,akismet.com,ranked-new-corpus,998283,true
new-1302,https://koselarab.com/,koselarab.com,ranked-new-corpus,998282,true
new-1303,https://dord.gov.in/,dord.gov.in,ranked-new-corpus,998281,true
new-1304,https://kinnser.net/,kinnser.net,ranked-new-corpus,998280,true
new-1305,https://thscore99.com/,thscore99.com,ranked-new-corpus,998279,true
new-1306,https://filesdl.top/,filesdl.top,ranked-new-corpus,998278,true
new-1307,https://linkmake.in/,linkmake.in,ranked-new-corpus,998277,true
new-1308,https://ftc.gov/,ftc.gov,ranked-new-corpus,998276,true
new-1309,https://site777.jp/,site777.jp,ranked-new-corpus,998275,true
new-1310,https://az24.vn/,az24.vn,ranked-new-corpus,998274,true
new-1311,https://simontokx.asia/,simontokx.asia,ranked-new-corpus,998273,true
new-1312,https://tamildhool.tech/,tamildhool.tech,ranked-new-corpus,998272,true
new-1313,https://pagibigfundservices.com/,pagibigfundservices.com,ranked-new-corpus,998271,true
new-1314,https://gree-apps.net/,gree-apps.net,ranked-new-corpus,998270,true
new-1315,https://annunci69.it/,annunci69.it,ranked-new-corpus,998269,true
new-1316,https://kqbd.mobi/,kqbd.mobi,ranked-new-corpus,998268,true
new-1317,https://albumaty.com/,albumaty.com,ranked-new-corpus,998267,true
new-1318,https://pornoborshch.com/,pornoborshch.com,ranked-new-corpus,998266,true
new-1319,https://xahani.com/,xahani.com,ranked-new-corpus,998265,true
new-1320,https://pitc.com.pk/,pitc.com.pk,ranked-new-corpus,998264,true
new-1321,https://sattamatkadpboss.mobi/,sattamatkadpboss.mobi,ranked-new-corpus,998263,true
new-1322,https://scan-manga.com/,scan-manga.com,ranked-new-corpus,998262,true
new-1323,https://dpbossss.boston/,dpbossss.boston,ranked-new-corpus,998261,true
new-1324,https://tamilsexzone.com/,tamilsexzone.com,ranked-new-corpus,998260,true
new-1325,https://xxxhindi.to/,xxxhindi.to,ranked-new-corpus,998259,true
new-1326,https://xxxpostpic.org/,xxxpostpic.org,ranked-new-corpus,998258,true
new-1327,https://bpcl.in/,bpcl.in,ranked-new-corpus,998257,true
new-1328,https://yasyadong02.tv/,yasyadong02.tv,ranked-new-corpus,998256,true
new-1329,https://loteriadehoy.com/,loteriadehoy.com,ranked-new-corpus,998255,true
new-1330,https://satta-king-fast.com/,satta-king-fast.com,ranked-new-corpus,998254,true
new-1331,https://vnsextop1.com/,vnsextop1.com,ranked-new-corpus,998253,true
new-1332,https://javwow.com/,javwow.com,ranked-new-corpus,998252,true
new-1333,https://downloadpage.xyz/,downloadpage.xyz,ranked-new-corpus,998251,true
new-1334,https://freesexkahani.com/,freesexkahani.com,ranked-new-corpus,998250,true
new-1335,https://cbl.gov.ly/,cbl.gov.ly,ranked-new-corpus,998249,true
new-1336,https://antarvasna3.com/,antarvasna3.com,ranked-new-corpus,998248,true
new-1337,https://javsub.blog/,javsub.blog,ranked-new-corpus,998247,true
new-1338,https://maynoe.com/,maynoe.com,ranked-new-corpus,998246,true
new-1339,https://technorail.com/,technorail.com,ranked-new-corpus,998245,true
new-1340,https://newtoki1.org/,newtoki1.org,ranked-new-corpus,998244,true
new-1341,https://filmyfly.soy/,filmyfly.soy,ranked-new-corpus,998243,true
new-1342,https://bhojpurisex.site/,bhojpurisex.site,ranked-new-corpus,998242,true
new-1343,https://staseraintv.com/,staseraintv.com,ranked-new-corpus,998241,true
new-1344,https://desitelugusex.com/,desitelugusex.com,ranked-new-corpus,998240,true
new-1345,https://bpexch.live/,bpexch.live,ranked-new-corpus,998239,true
new-1346,https://sexvid1.com/,sexvid1.com,ranked-new-corpus,998238,true
new-1347,https://xn--12c1ezaww.com/,xn--12c1ezaww.com,ranked-new-corpus,998237,true
new-1348,https://xn--42cf7cgd7gxbd4m7c.cc/,xn--42cf7cgd7gxbd4m7c.cc,ranked-new-corpus,998236,true
new-1349,https://sambad.com/,sambad.com,ranked-new-corpus,998235,true
new-1350,https://sexmupxinh.net/,sexmupxinh.net,ranked-new-corpus,998234,true
new-1351,https://mobcup.fm/,mobcup.fm,ranked-new-corpus,998233,true
new-1352,https://rsch.jp/,rsch.jp,ranked-new-corpus,998232,true
new-1353,https://mangaraw.ac/,mangaraw.ac,ranked-new-corpus,998231,true
new-1354,https://gree-pf.net/,gree-pf.net,ranked-new-corpus,998230,true
new-1355,https://ad-contents.jp/,ad-contents.jp,ranked-new-corpus,998229,true
new-1356,https://xvideo.vlog.br/,xvideo.vlog.br,ranked-new-corpus,998228,true
new-1357,https://xxxvideosind.com/,xxxvideosind.com,ranked-new-corpus,998227,true
new-1358,https://playinboss.com/,playinboss.com,ranked-new-corpus,998226,true
new-1359,https://sattamatkano1.me/,sattamatkano1.me,ranked-new-corpus,998225,true
new-1360,https://xhchannel.com/,xhchannel.com,ranked-new-corpus,998224,true
new-1361,https://va.gov/,va.gov,ranked-new-corpus,998223,true
new-1362,https://kolkataff.tv/,kolkataff.tv,ranked-new-corpus,998222,true
new-1363,https://gartner.com/,gartner.com,ranked-new-corpus,998220,true
new-1364,https://hover.com/,hover.com,ranked-new-corpus,998219,true
new-1365,https://shutterstock.com/,shutterstock.com,ranked-new-corpus,998218,true
new-1366,https://almasryalyoum.com/,almasryalyoum.com,ranked-new-corpus,998217,true
new-1367,https://douyin.com/,douyin.com,ranked-new-corpus,998215,true
new-1368,https://google.ru/,google.ru,ranked-new-corpus,998214,true
new-1369,https://letour.fr/,letour.fr,ranked-new-corpus,998213,true
new-1370,https://fedex.com/,fedex.com,ranked-new-corpus,998212,true
new-1371,https://threads.net/,threads.net,ranked-new-corpus,998211,true
new-1372,https://xxxbule.com/,xxxbule.com,ranked-new-corpus,998210,true
new-1373,https://avira.com/,avira.com,ranked-new-corpus,998209,true
new-1374,https://vmware.com/,vmware.com,ranked-new-corpus,998208,true
new-1375,https://apdcdn.com/,apdcdn.com,ranked-new-corpus,998206,true
new-1376,https://tawk.to/,tawk.to,ranked-new-corpus,998205,true
new-1377,https://ico.org.uk/,ico.org.uk,ranked-new-corpus,998204,true
new-1378,https://enable-javascript.com/,enable-javascript.com,ranked-new-corpus,998203,true
new-1379,https://vanityfair.it/,vanityfair.it,ranked-new-corpus,998200,true
new-1380,https://fao.org/,fao.org,ranked-new-corpus,998199,true
new-1381,https://mp.gov.in/,mp.gov.in,ranked-new-corpus,998198,true
new-1382,https://footmercato.net/,footmercato.net,ranked-new-corpus,998197,true
new-1383,https://cmu.edu/,cmu.edu,ranked-new-corpus,998196,true
new-1384,https://xhpro.live/,xhpro.live,ranked-new-corpus,998195,true
new-1385,https://qcloud.com/,qcloud.com,ranked-new-corpus,998194,true
new-1386,https://trello.com/,trello.com,ranked-new-corpus,998193,true
new-1387,https://abola.pt/,abola.pt,ranked-new-corpus,998192,true
new-1388,https://w3schools.com/,w3schools.com,ranked-new-corpus,998189,true
new-1389,https://255md.com/,255md.com,ranked-new-corpus,998188,true
new-1390,https://edgecastdns.net/,edgecastdns.net,ranked-new-corpus,998186,true
new-1391,https://sciencedaily.com/,sciencedaily.com,ranked-new-corpus,998185,true
new-1392,https://deped.gov.ph/,deped.gov.ph,ranked-new-corpus,998183,true
new-1393,https://newsweek.com/,newsweek.com,ranked-new-corpus,998182,true
new-1394,https://jennymovies.com/,jennymovies.com,ranked-new-corpus,998181,true
new-1395,https://google.nl/,google.nl,ranked-new-corpus,998180,true
new-1396,https://google.es/,google.es,ranked-new-corpus,998179,true
new-1397,https://gpcloudservice.com/,gpcloudservice.com,ranked-new-corpus,998178,true
new-1398,https://prokerala.com/,prokerala.com,ranked-new-corpus,998177,true
new-1399,https://namasha.com/,namasha.com,ranked-new-corpus,998176,true
new-1400,https://foreca.fi/,foreca.fi,ranked-new-corpus,998175,true
new-1401,https://bitdefender.com/,bitdefender.com,ranked-new-corpus,998174,true
new-1402,https://newyorker.com/,newyorker.com,ranked-new-corpus,998173,true
new-1403,https://acs.org/,acs.org,ranked-new-corpus,998172,true
new-1404,https://adobestats.io/,adobestats.io,ranked-new-corpus,998171,true
new-1405,https://xfinity.com/,xfinity.com,ranked-new-corpus,998170,true
new-1406,https://darknessporn.com/,darknessporn.com,ranked-new-corpus,998169,true
new-1407,https://tvazteca.com/,tvazteca.com,ranked-new-corpus,998168,true
new-1408,https://battle.net/,battle.net,ranked-new-corpus,998167,true
new-1409,https://pluto.tv/,pluto.tv,ranked-new-corpus,998166,true
new-1410,https://jcphi.com/,jcphi.com,ranked-new-corpus,998165,true
new-1411,https://twibbonize.com/,twibbonize.com,ranked-new-corpus,998164,true
new-1412,https://rncdn7.com/,rncdn7.com,ranked-new-corpus,998163,true
new-1413,https://avito.st/,avito.st,ranked-new-corpus,998162,true
new-1414,https://pla3.com/,pla3.com,ranked-new-corpus,998161,true
new-1415,https://yallakora.com/,yallakora.com,ranked-new-corpus,998160,true
new-1416,https://home.pl/,home.pl,ranked-new-corpus,998159,true
new-1417,https://artfight.net/,artfight.net,ranked-new-corpus,998158,true
new-1418,https://1c.ru/,1c.ru,ranked-new-corpus,998157,true
new-1419,https://administracionelectronica.gob.es/,administracionelectronica.gob.es,ranked-new-corpus,998156,true
new-1420,https://men.gov.ma/,men.gov.ma,ranked-new-corpus,998155,true
new-1421,https://mongodb.com/,mongodb.com,ranked-new-corpus,998154,true
new-1422,https://avto.net/,avto.net,ranked-new-corpus,998153,true
new-1423,https://166.com/,166.com,ranked-new-corpus,998152,true
new-1424,https://shaalaa.com/,shaalaa.com,ranked-new-corpus,998151,true
new-1425,https://apuestatotal.com/,apuestatotal.com,ranked-new-corpus,998150,true
new-1426,https://movie-box.co/,movie-box.co,ranked-new-corpus,998149,true
new-1427,https://escortbabylon.net/,escortbabylon.net,ranked-new-corpus,998148,true
new-1428,https://vdy.to/,vdy.to,ranked-new-corpus,998147,true
new-1429,https://conectate.com.do/,conectate.com.do,ranked-new-corpus,998146,true
new-1430,https://max.ru/,max.ru,ranked-new-corpus,998145,true
new-1431,https://hotpic.cc/,hotpic.cc,ranked-new-corpus,998144,true
new-1432,https://desiviral.net/,desiviral.net,ranked-new-corpus,998143,true
new-1433,https://wcd.gov.in/,wcd.gov.in,ranked-new-corpus,998142,true
new-1434,https://xbanxia.cc/,xbanxia.cc,ranked-new-corpus,998141,true
new-1435,https://happymh.com/,happymh.com,ranked-new-corpus,998140,true
new-1436,https://fc2.com/,fc2.com,ranked-new-corpus,998138,true
new-1437,https://meteored.cl/,meteored.cl,ranked-new-corpus,998137,true
new-1438,https://lectormangass.net/,lectormangass.net,ranked-new-corpus,998136,true
new-1439,https://your-server.de/,your-server.de,ranked-new-corpus,998135,true
new-1440,https://intercom.com/,intercom.com,ranked-new-corpus,998134,true
new-1441,https://bisp.gov.pk/,bisp.gov.pk,ranked-new-corpus,998133,true
new-1442,https://education.ne.jp/,education.ne.jp,ranked-new-corpus,998131,true
new-1443,https://filmyzilla52.com/,filmyzilla52.com,ranked-new-corpus,998129,true
new-1444,https://admissions.nic.in/,admissions.nic.in,ranked-new-corpus,998128,true
new-1445,https://funinexch.com/,funinexch.com,ranked-new-corpus,998127,true
new-1446,https://examinationservices.nic.in/,examinationservices.nic.in,ranked-new-corpus,998126,true
new-1447,https://nirvam.it/,nirvam.it,ranked-new-corpus,998125,true
new-1448,https://vidylee.click/,vidylee.click,ranked-new-corpus,998124,true
new-1449,https://assamesesexvideos.com/,assamesesexvideos.com,ranked-new-corpus,998123,true
new-1450,https://tsc.go.ke/,tsc.go.ke,ranked-new-corpus,998122,true
new-1451,https://movieswood.cloud/,movieswood.cloud,ranked-new-corpus,998121,true
new-1452,https://joinindianarmy.nic.in/,joinindianarmy.nic.in,ranked-new-corpus,998120,true
new-1453,https://rexify.com.ng/,rexify.com.ng,ranked-new-corpus,998119,true
new-1454,https://restream-media.net/,restream-media.net,ranked-new-corpus,998118,true
new-1455,https://x-arxx.com/,x-arxx.com,ranked-new-corpus,998117,true
new-1456,https://bef77.com/,bef77.com,ranked-new-corpus,998116,true
new-1457,https://greenxh.live/,greenxh.live,ranked-new-corpus,998114,true
new-1458,https://viet69z.me/,viet69z.me,ranked-new-corpus,998112,true
new-1459,https://api.aws/,api.aws,ranked-new-corpus,998111,true
new-1460,https://_wildcard_.ph/,_wildcard_.ph,ranked-new-corpus,998110,true
new-1461,https://yximgs.com/,yximgs.com,ranked-new-corpus,998108,true
new-1462,https://moodle.org/,moodle.org,ranked-new-corpus,998107,true
new-1463,https://vymanga.com/,vymanga.com,ranked-new-corpus,998106,true
new-1464,https://sexemodel.com/,sexemodel.com,ranked-new-corpus,998105,true
new-1465,https://sex-studentki.cafe/,sex-studentki.cafe,ranked-new-corpus,998104,true
new-1466,https://ak-is2.net/,ak-is2.net,ranked-new-corpus,998103,true
new-1467,https://case-battle.id/,case-battle.id,ranked-new-corpus,998102,true
new-1468,https://b7510.com/,b7510.com,ranked-new-corpus,998101,true
new-1469,https://jino.ru/,jino.ru,ranked-new-corpus,998100,true
new-1470,https://5movierulz.vote/,5movierulz.vote,ranked-new-corpus,998099,true
new-1471,https://alexismilan.com/,alexismilan.com,ranked-new-corpus,998098,true
new-1472,https://isaidub.ceo/,isaidub.ceo,ranked-new-corpus,998097,true
new-1473,https://hdhub4u.med/,hdhub4u.med,ranked-new-corpus,998095,true
new-1474,https://register.com/,register.com,ranked-new-corpus,998094,true
new-1475,https://deezer.com/,deezer.com,ranked-new-corpus,998093,true
new-1476,https://filmyfly.faith/,filmyfly.faith,ranked-new-corpus,998092,true
new-1477,https://xpvid.cc/,xpvid.cc,ranked-new-corpus,998091,true
new-1478,https://futbol-libres.su/,futbol-libres.su,ranked-new-corpus,998090,true
new-1479,https://moviesda34.com/,moviesda34.com,ranked-new-corpus,998088,true
new-1480,https://bollyflix.at/,bollyflix.at,ranked-new-corpus,998087,true
new-1481,https://sedoparking.com/,sedoparking.com,ranked-new-corpus,998086,true
new-1482,https://mingky05.live/,mingky05.live,ranked-new-corpus,998085,true
new-1483,https://ak2yy.com/,ak2yy.com,ranked-new-corpus,998084,true
new-1484,https://blacktoon417.com/,blacktoon417.com,ranked-new-corpus,998083,true
new-1485,https://ydparty04.tv/,ydparty04.tv,ranked-new-corpus,998082,true
new-1486,https://bgtee.com/,bgtee.com,ranked-new-corpus,998081,true
new-1487,https://moviezwap.land/,moviezwap.land,ranked-new-corpus,998080,true
new-1488,https://5movierulz.support/,5movierulz.support,ranked-new-corpus,998079,true
new-1489,https://moviesda33.com/,moviesda33.com,ranked-new-corpus,998078,true
new-1490,https://filmyfly.luxe/,filmyfly.luxe,ranked-new-corpus,998077,true
new-1491,https://filmyfly.cafe/,filmyfly.cafe,ranked-new-corpus,998076,true
new-1492,https://mp4moviez.soccer/,mp4moviez.soccer,ranked-new-corpus,998075,true
new-1493,https://filmyzilla46.com/,filmyzilla46.com,ranked-new-corpus,998074,true
new-1494,https://5movierulz.limited/,5movierulz.limited,ranked-new-corpus,998073,true
new-1495,https://filmyzilla45.com/,filmyzilla45.com,ranked-new-corpus,998072,true
new-1496,https://mp4moviez.dad/,mp4moviez.dad,ranked-new-corpus,998071,true
new-1497,https://olxprc.com/,olxprc.com,ranked-new-corpus,998070,true
new-1498,https://xnhau.you/,xnhau.you,ranked-new-corpus,998069,true
new-1499,https://xnhau.xxx/,xnhau.xxx,ranked-new-corpus,998068,true
new-1500,https://blacktoon415.com/,blacktoon415.com,ranked-new-corpus,998067,true
new-1501,https://blacktoon416.com/,blacktoon416.com,ranked-new-corpus,998066,true
new-1502,https://xnhau.bio/,xnhau.bio,ranked-new-corpus,998065,true
new-1503,https://pewresearch.org/,pewresearch.org,ranked-new-corpus,998064,true
new-1504,https://nps.gov/,nps.gov,ranked-new-corpus,998062,true
new-1505,https://ucsd.edu/,ucsd.edu,ranked-new-corpus,998060,true
new-1506,https://bytefcdn-ttpeu.com/,bytefcdn-ttpeu.com,ranked-new-corpus,998059,true
new-1507,https://livechatinc.com/,livechatinc.com,ranked-new-corpus,998058,true
new-1508,https://marketwatch.com/,marketwatch.com,ranked-new-corpus,998057,true
new-1509,https://zenlogic.net/,zenlogic.net,ranked-new-corpus,998056,true
new-1510,https://arstechnica.com/,arstechnica.com,ranked-new-corpus,998055,true
new-1511,https://geocities.com/,geocities.com,ranked-new-corpus,998053,true
new-1512,https://zdnet.com/,zdnet.com,ranked-new-corpus,998052,true
new-1513,https://ruidongcloud.com/,ruidongcloud.com,ranked-new-corpus,998050,true
new-1514,https://utexas.edu/,utexas.edu,ranked-new-corpus,998049,true
new-1515,https://dns.cn/,dns.cn,ranked-new-corpus,998047,true
new-1516,https://ovh.com/,ovh.com,ranked-new-corpus,998046,true
new-1517,https://samsungknox.com/,samsungknox.com,ranked-new-corpus,998045,true
new-1518,https://office365.us/,office365.us,ranked-new-corpus,998043,true
new-1519,https://investing.com/,investing.com,ranked-new-corpus,998042,true
new-1520,https://elegantthemes.com/,elegantthemes.com,ranked-new-corpus,998041,true
new-1521,https://rzone.de/,rzone.de,ranked-new-corpus,998040,true
new-1522,https://udemy.com/,udemy.com,ranked-new-corpus,998037,true
new-1523,https://tdnsstic1.cn/,tdnsstic1.cn,ranked-new-corpus,998036,true
new-1524,https://uchicago.edu/,uchicago.edu,ranked-new-corpus,998035,true
new-1525,https://dhl.com/,dhl.com,ranked-new-corpus,998034,true
new-1526,https://mega.nz/,mega.nz,ranked-new-corpus,998033,true
new-1527,https://ctadns.cn/,ctadns.cn,ranked-new-corpus,998032,true
new-1528,https://google.it/,google.it,ranked-new-corpus,998031,true
new-1529,https://beget.ru/,beget.ru,ranked-new-corpus,998030,true
new-1530,https://wikihow.com/,wikihow.com,ranked-new-corpus,998029,true
new-1531,https://fb.watch/,fb.watch,ranked-new-corpus,998028,true
new-1532,https://clevelandclinic.org/,clevelandclinic.org,ranked-new-corpus,998027,true
new-1533,https://russianpost.ru/,russianpost.ru,ranked-new-corpus,998026,true
new-1534,https://litix.io/,litix.io,ranked-new-corpus,998025,true
new-1535,https://akamai.com/,akamai.com,ranked-new-corpus,998024,true
new-1536,https://igamecj.com/,igamecj.com,ranked-new-corpus,998023,true
new-1537,https://sinaedge.com/,sinaedge.com,ranked-new-corpus,998022,true
new-1538,https://vice.com/,vice.com,ranked-new-corpus,998021,true
new-1539,https://scientificamerican.com/,scientificamerican.com,ranked-new-corpus,998020,true
new-1540,https://wps.cn/,wps.cn,ranked-new-corpus,998019,true
new-1541,https://sciencemag.org/,sciencemag.org,ranked-new-corpus,998018,true
new-1542,https://bigcommerce.com/,bigcommerce.com,ranked-new-corpus,998017,true
new-1543,https://xinhuanet.com/,xinhuanet.com,ranked-new-corpus,998016,true
new-1544,https://shopifycloud.com/,shopifycloud.com,ranked-new-corpus,998015,true
new-1545,https://norton.com/,norton.com,ranked-new-corpus,998014,true
new-1546,https://sweb.ru/,sweb.ru,ranked-new-corpus,998012,true
new-1547,https://gdemoideti.ru/,gdemoideti.ru,ranked-new-corpus,998011,true
new-1548,https://plex.tv/,plex.tv,ranked-new-corpus,998010,true
new-1549,https://opera.software/,opera.software,ranked-new-corpus,998009,true
new-1550,https://trellix.com/,trellix.com,ranked-new-corpus,998008,true
new-1551,https://gotinder.com/,gotinder.com,ranked-new-corpus,998006,true
new-1552,https://hulu.com/,hulu.com,ranked-new-corpus,998005,true
new-1553,https://amocrm.ru/,amocrm.ru,ranked-new-corpus,998004,true
new-1554,https://giex.ru/,giex.ru,ranked-new-corpus,998003,true
new-1555,https://usgs.gov/,usgs.gov,ranked-new-corpus,998001,true
new-1556,https://sky.com/,sky.com,ranked-new-corpus,998000,true
new-1557,https://si.edu/,si.edu,ranked-new-corpus,997999,true
new-1558,https://iqiyi.com/,iqiyi.com,ranked-new-corpus,997998,true
new-1559,https://startappservice.com/,startappservice.com,ranked-new-corpus,997997,true
new-1560,https://nhs.uk/,nhs.uk,ranked-new-corpus,997995,true
new-1561,https://orcid.org/,orcid.org,ranked-new-corpus,997994,true
new-1562,https://secureserver.net/,secureserver.net,ranked-new-corpus,997993,true
new-1563,https://thelancet.com/,thelancet.com,ranked-new-corpus,997991,true
new-1564,https://oreilly.com/,oreilly.com,ranked-new-corpus,997989,true
new-1565,https://themeisle.com/,themeisle.com,ranked-new-corpus,997988,true
new-1566,https://beget.com/,beget.com,ranked-new-corpus,997986,true
new-1567,https://iubenda.com/,iubenda.com,ranked-new-corpus,997984,true
new-1568,https://jamanetwork.com/,jamanetwork.com,ranked-new-corpus,997982,true
new-1569,https://google.co.id/,google.co.id,ranked-new-corpus,997981,true
new-1570,https://fastcompany.com/,fastcompany.com,ranked-new-corpus,997980,true
new-1571,https://julydns.com/,julydns.com,ranked-new-corpus,997978,true
new-1572,https://mindbox.ru/,mindbox.ru,ranked-new-corpus,997977,true
new-1573,https://beeline.ru/,beeline.ru,ranked-new-corpus,997974,true
new-1574,https://rackspace.com/,rackspace.com,ranked-new-corpus,997971,true
new-1575,https://strava.com/,strava.com,ranked-new-corpus,997970,true
new-1576,https://isappcloud.com/,isappcloud.com,ranked-new-corpus,997969,true
new-1577,https://pnas.org/,pnas.org,ranked-new-corpus,997968,true
new-1578,https://tld-servers.ru/,tld-servers.ru,ranked-new-corpus,997967,true
new-1579,https://vtwenty.com/,vtwenty.com,ranked-new-corpus,997966,true
new-1580,https://git-scm.com/,git-scm.com,ranked-new-corpus,997965,true
new-1581,https://euronews.com/,euronews.com,ranked-new-corpus,997964,true
new-1582,https://meetup.com/,meetup.com,ranked-new-corpus,997962,true
new-1583,https://bytedns3.com/,bytedns3.com,ranked-new-corpus,997961,true
new-1584,https://mitre.org/,mitre.org,ranked-new-corpus,997960,true
new-1585,https://wa.link/,wa.link,ranked-new-corpus,997957,true
new-1586,https://badoo.com/,badoo.com,ranked-new-corpus,997955,true
new-1587,https://techtarget.com/,techtarget.com,ranked-new-corpus,997954,true
new-1588,https://vtb.ru/,vtb.ru,ranked-new-corpus,997952,true
new-1589,https://tripod.com/,tripod.com,ranked-new-corpus,997950,true
new-1590,https://lync.com/,lync.com,ranked-new-corpus,997948,true
new-1591,https://people.com.cn/,people.com.cn,ranked-new-corpus,997947,true
new-1592,https://m.me/,m.me,ranked-new-corpus,997946,true
new-1593,https://hwcdn.ru/,hwcdn.ru,ranked-new-corpus,997944,true
new-1594,https://systemdns.com/,systemdns.com,ranked-new-corpus,997943,true
new-1595,https://science.org/,science.org,ranked-new-corpus,997942,true
new-1596,https://freebsd.org/,freebsd.org,ranked-new-corpus,997941,true
new-1597,https://lnkd.in/,lnkd.in,ranked-new-corpus,997940,true
new-1598,https://iponweb.net/,iponweb.net,ranked-new-corpus,997936,true
new-1599,https://usgovtrafficmanager.net/,usgovtrafficmanager.net,ranked-new-corpus,997935,true
new-1600,https://threema.ch/,threema.ch,ranked-new-corpus,997934,true
new-1601,https://about.com/,about.com,ranked-new-corpus,997933,true
new-1602,https://ed.gov/,ed.gov,ranked-new-corpus,997932,true
new-1603,https://romarg.com/,romarg.com,ranked-new-corpus,997931,true
new-1604,https://sec.gov/,sec.gov,ranked-new-corpus,997930,true
new-1605,https://umeng.com/,umeng.com,ranked-new-corpus,997929,true
new-1606,https://cpanel.com/,cpanel.com,ranked-new-corpus,997928,true
new-1607,https://jhu.edu/,jhu.edu,ranked-new-corpus,997927,true
new-1608,https://business.site/,business.site,ranked-new-corpus,997925,true
new-1609,https://squareup.com/,squareup.com,ranked-new-corpus,997923,true
new-1610,https://typepad.com/,typepad.com,ranked-new-corpus,997922,true
new-1611,https://adsco.re/,adsco.re,ranked-new-corpus,997921,true
new-1612,https://ign.com/,ign.com,ranked-new-corpus,997920,true
new-1613,https://dnse3.com/,dnse3.com,ranked-new-corpus,997919,true
new-1614,https://matterport.com/,matterport.com,ranked-new-corpus,997918,true
new-1615,https://blizzard.com/,blizzard.com,ranked-new-corpus,997917,true
new-1616,https://getbootstrap.com/,getbootstrap.com,ranked-new-corpus,997916,true
new-1617,https://microsoftpersonalcontent.com/,microsoftpersonalcontent.com,ranked-new-corpus,997915,true
new-1618,https://wechat.com/,wechat.com,ranked-new-corpus,997914,true
new-1619,https://ssrn.com/,ssrn.com,ranked-new-corpus,997913,true
new-1620,https://meitu.com/,meitu.com,ranked-new-corpus,997912,true
new-1621,https://bitrixphone.com/,bitrixphone.com,ranked-new-corpus,997910,true
new-1622,https://easy4ipcloud.com/,easy4ipcloud.com,ranked-new-corpus,997908,true
new-1623,https://automattic.com/,automattic.com,ranked-new-corpus,997907,true
new-1624,https://dnse4.com/,dnse4.com,ranked-new-corpus,997905,true
new-1625,https://wunderground.com/,wunderground.com,ranked-new-corpus,997904,true
new-1626,https://hpe.com/,hpe.com,ranked-new-corpus,997903,true
new-1627,https://xundns.com/,xundns.com,ranked-new-corpus,997902,true
new-1628,https://gizmodo.com/,gizmodo.com,ranked-new-corpus,997901,true
new-1629,https://savvis.net/,savvis.net,ranked-new-corpus,997900,true
new-1630,https://algolia.net/,algolia.net,ranked-new-corpus,997899,true
new-1631,https://match.com/,match.com,ranked-new-corpus,997898,true
new-1632,https://sogou.com/,sogou.com,ranked-new-corpus,997896,true
new-1633,https://discomax.com/,discomax.com,ranked-new-corpus,997895,true
new-1634,https://sureserver.com/,sureserver.com,ranked-new-corpus,997894,true
new-1635,https://globenewswire.com/,globenewswire.com,ranked-new-corpus,997892,true
new-1636,https://bplslb.com/,bplslb.com,ranked-new-corpus,997891,true
new-1637,https://bitbucket.org/,bitbucket.org,ranked-new-corpus,997889,true
new-1638,https://timeanddate.com/,timeanddate.com,ranked-new-corpus,997888,true
new-1639,https://dropbox-dns.com/,dropbox-dns.com,ranked-new-corpus,997886,true
new-1640,https://aibixby.com/,aibixby.com,ranked-new-corpus,997885,true
new-1641,https://npmjs.com/,npmjs.com,ranked-new-corpus,997883,true
new-1642,https://dynamics.com/,dynamics.com,ranked-new-corpus,997882,true
new-1643,https://notion.so/,notion.so,ranked-new-corpus,997880,true
new-1644,https://truecaller.com/,truecaller.com,ranked-new-corpus,997879,true
new-1645,https://politico.com/,politico.com,ranked-new-corpus,997878,true
new-1646,https://garena.com/,garena.com,ranked-new-corpus,997877,true
new-1647,https://evernote.com/,evernote.com,ranked-new-corpus,997875,true
new-1648,https://amazonaws.com.cn/,amazonaws.com.cn,ranked-new-corpus,997874,true
new-1649,https://bls.gov/,bls.gov,ranked-new-corpus,997873,true
new-1650,https://acronis.com/,acronis.com,ranked-new-corpus,997872,true
new-1651,https://salesforceliveagent.com/,salesforceliveagent.com,ranked-new-corpus,997871,true
new-1652,https://fliphtml5.com/,fliphtml5.com,ranked-new-corpus,997870,true
new-1653,https://mashable.com/,mashable.com,ranked-new-corpus,997868,true
new-1654,https://doordash.com/,doordash.com,ranked-new-corpus,997867,true
new-1655,https://telegra.ph/,telegra.ph,ranked-new-corpus,997866,true
new-1656,https://primis.tech/,primis.tech,ranked-new-corpus,997865,true
new-1657,https://datto.com/,datto.com,ranked-new-corpus,997864,true
new-1658,https://hetzner.com/,hetzner.com,ranked-new-corpus,997863,true
new-1659,https://gshifen.com/,gshifen.com,ranked-new-corpus,997862,true
new-1660,https://cloudfunctions.net/,cloudfunctions.net,ranked-new-corpus,997861,true
new-1661,https://cpmstar.com/,cpmstar.com,ranked-new-corpus,997860,true
new-1662,https://ahrefs.com/,ahrefs.com,ranked-new-corpus,997859,true
new-1663,https://hhs.gov/,hhs.gov,ranked-new-corpus,997858,true
new-1664,https://revenuecat.com/,revenuecat.com,ranked-new-corpus,997857,true
new-1665,https://mastercard.com/,mastercard.com,ranked-new-corpus,997855,true
new-1666,https://metamask.io/,metamask.io,ranked-new-corpus,997853,true
new-1667,https://thesun.co.uk/,thesun.co.uk,ranked-new-corpus,997852,true
new-1668,https://ihg.com/,ihg.com,ranked-new-corpus,997850,true
new-1669,https://googlesource.com/,googlesource.com,ranked-new-corpus,997849,true
new-1670,https://broadcom.com/,broadcom.com,ranked-new-corpus,997848,true
new-1671,https://gallup.com/,gallup.com,ranked-new-corpus,997845,true
new-1672,https://aboutcookies.org/,aboutcookies.org,ranked-new-corpus,997844,true
new-1673,https://dondominio.com/,dondominio.com,ranked-new-corpus,997843,true
new-1674,https://bytedance.com/,bytedance.com,ranked-new-corpus,997842,true
new-1675,https://epcco.com.sa/,epcco.com.sa,ranked-new-corpus,997841,true
new-1676,https://fyber.com/,fyber.com,ranked-new-corpus,997840,true
new-1677,https://shodan.io/,shodan.io,ranked-new-corpus,997839,true
new-1678,https://ecdnx.com/,ecdnx.com,ranked-new-corpus,997838,true
new-1679,https://proofpoint.com/,proofpoint.com,ranked-new-corpus,997837,true
new-1680,https://av380.net/,av380.net,ranked-new-corpus,997835,true
new-1681,https://xincache.com/,xincache.com,ranked-new-corpus,997834,true
new-1682,https://nic.io/,nic.io,ranked-new-corpus,997832,true
new-1683,https://unicef.org/,unicef.org,ranked-new-corpus,997831,true
new-1684,https://census.gov/,census.gov,ranked-new-corpus,997829,true
new-1685,https://opera.technology/,opera.technology,ranked-new-corpus,997828,true
new-1686,https://mwbsys.com/,mwbsys.com,ranked-new-corpus,997827,true
new-1687,https://coinmarketcap.com/,coinmarketcap.com,ranked-new-corpus,997826,true
new-1688,https://sony.com/,sony.com,ranked-new-corpus,997825,true
new-1689,https://ctecdn.cn/,ctecdn.cn,ranked-new-corpus,997824,true
new-1690,https://xhscdn.com/,xhscdn.com,ranked-new-corpus,997822,true
new-1691,https://kunlungr.com/,kunlungr.com,ranked-new-corpus,997821,true
new-1692,https://blog.google/,blog.google,ranked-new-corpus,997820,true
new-1693,https://ufl.edu/,ufl.edu,ranked-new-corpus,997819,true
new-1694,https://americanexpress.com/,americanexpress.com,ranked-new-corpus,997818,true
new-1695,https://mmcdn.com/,mmcdn.com,ranked-new-corpus,997817,true
new-1696,https://unc.edu/,unc.edu,ranked-new-corpus,997816,true
new-1697,https://spbycdn.com/,spbycdn.com,ranked-new-corpus,997815,true
new-1698,https://vrfy.shop/,vrfy.shop,ranked-new-corpus,997812,true
new-1699,https://medicalnewstoday.com/,medicalnewstoday.com,ranked-new-corpus,997810,true
new-1700,https://engadget.com/,engadget.com,ranked-new-corpus,997809,true
new-1701,https://sap.com/,sap.com,ranked-new-corpus,997808,true
new-1702,https://magonet.ru/,magonet.ru,ranked-new-corpus,997806,true
new-1703,https://barnesandnoble.com/,barnesandnoble.com,ranked-new-corpus,997805,true
new-1704,https://house.gov/,house.gov,ranked-new-corpus,997804,true
new-1705,https://adthrive.com/,adthrive.com,ranked-new-corpus,997803,true
new-1706,https://vkvideo.ru/,vkvideo.ru,ranked-new-corpus,997801,true
new-1707,https://in.net/,in.net,ranked-new-corpus,997800,true
new-1708,https://lin.ee/,lin.ee,ranked-new-corpus,997799,true
new-1709,https://nodejs.org/,nodejs.org,ranked-new-corpus,997798,true
new-1710,https://justice.gov/,justice.gov,ranked-new-corpus,997796,true
new-1711,https://itu.int/,itu.int,ranked-new-corpus,997795,true
new-1712,https://onrender.com/,onrender.com,ranked-new-corpus,997794,true
new-1713,https://indriverapp.com/,indriverapp.com,ranked-new-corpus,997793,true
new-1714,https://ticketmaster.com/,ticketmaster.com,ranked-new-corpus,997792,true
new-1715,https://pwc.com/,pwc.com,ranked-new-corpus,997791,true
new-1716,https://armgs.team/,armgs.team,ranked-new-corpus,997790,true
new-1717,https://msappproxy.net/,msappproxy.net,ranked-new-corpus,997789,true
new-1718,https://variety.com/,variety.com,ranked-new-corpus,997788,true
new-1719,https://mirror.co.uk/,mirror.co.uk,ranked-new-corpus,997786,true
new-1720,https://hubspot.net/,hubspot.net,ranked-new-corpus,997785,true
new-1721,https://laravel.com/,laravel.com,ranked-new-corpus,997784,true
new-1722,https://dropboxusercontent.com/,dropboxusercontent.com,ranked-new-corpus,997782,true
new-1723,https://fortinet.net/,fortinet.net,ranked-new-corpus,997780,true
new-1724,https://constantcontact.com/,constantcontact.com,ranked-new-corpus,997778,true
new-1725,https://semrush.com/,semrush.com,ranked-new-corpus,997777,true
new-1726,https://semanticscholar.org/,semanticscholar.org,ranked-new-corpus,997776,true
new-1727,https://ztomy.com/,ztomy.com,ranked-new-corpus,997772,true
new-1728,https://loopia.se/,loopia.se,ranked-new-corpus,997771,true
new-1729,https://didiglobal.com/,didiglobal.com,ranked-new-corpus,997770,true
new-1730,https://nipr.mil/,nipr.mil,ranked-new-corpus,997769,true
new-1731,https://mirtesen.ru/,mirtesen.ru,ranked-new-corpus,997767,true
new-1732,https://windy.com/,windy.com,ranked-new-corpus,997765,true
new-1733,https://google.com.au/,google.com.au,ranked-new-corpus,997763,true
new-1734,https://hoyoverse.com/,hoyoverse.com,ranked-new-corpus,997762,true
new-1735,https://symantec.com/,symantec.com,ranked-new-corpus,997761,true
new-1736,https://customer.io/,customer.io,ranked-new-corpus,997760,true
new-1737,https://klarna.com/,klarna.com,ranked-new-corpus,997759,true
new-1738,https://cctv.com/,cctv.com,ranked-new-corpus,997756,true
new-1739,https://wpsdns.com/,wpsdns.com,ranked-new-corpus,997755,true
new-1740,https://feedburner.com/,feedburner.com,ranked-new-corpus,997754,true
new-1741,https://serving-sys.ru/,serving-sys.ru,ranked-new-corpus,997752,true
new-1742,https://nic.uk/,nic.uk,ranked-new-corpus,997751,true
new-1743,https://mona.co/,mona.co,ranked-new-corpus,997750,true
new-1744,https://secu100.net/,secu100.net,ranked-new-corpus,997746,true
new-1745,https://duke.edu/,duke.edu,ranked-new-corpus,997745,true
new-1746,https://unruly.co/,unruly.co,ranked-new-corpus,997744,true
new-1747,https://generatepress.com/,generatepress.com,ranked-new-corpus,997743,true
new-1748,https://verizon.com/,verizon.com,ranked-new-corpus,997740,true
new-1749,https://ycombinator.com/,ycombinator.com,ranked-new-corpus,997739,true
new-1750,https://managed-vps.net/,managed-vps.net,ranked-new-corpus,997738,true
new-1751,https://cymru.com/,cymru.com,ranked-new-corpus,997737,true
new-1752,https://digicertdns.com/,digicertdns.com,ranked-new-corpus,997736,true
new-1753,https://sprinthost.ru/,sprinthost.ru,ranked-new-corpus,997735,true
new-1754,https://trialpay.com/,trialpay.com,ranked-new-corpus,997734,true
new-1755,https://useinsider.com/,useinsider.com,ranked-new-corpus,997732,true
new-1756,https://deepl-cdn.com/,deepl-cdn.com,ranked-new-corpus,997731,true
new-1757,https://uiuc.edu/,uiuc.edu,ranked-new-corpus,997730,true
new-1758,https://123tt.ru/,123tt.ru,ranked-new-corpus,997729,true
new-1759,https://hotmail.com/,hotmail.com,ranked-new-corpus,997728,true
new-1760,https://ezvizru.com/,ezvizru.com,ranked-new-corpus,997727,true
new-1761,https://blackrussia.online/,blackrussia.online,ranked-new-corpus,997723,true
new-1762,https://gos-gsp.io/,gos-gsp.io,ranked-new-corpus,997721,true
new-1763,https://ctlcdn.cn/,ctlcdn.cn,ranked-new-corpus,997720,true
new-1764,https://clients-cdnnow.ru/,clients-cdnnow.ru,ranked-new-corpus,997719,true
new-1765,https://asu.edu/,asu.edu,ranked-new-corpus,997717,true
new-1766,https://lego.com/,lego.com,ranked-new-corpus,997716,true
new-1767,https://baifentan.com/,baifentan.com,ranked-new-corpus,997715,true
new-1768,https://nyu.edu/,nyu.edu,ranked-new-corpus,997714,true
new-1769,https://cafe24.com/,cafe24.com,ranked-new-corpus,997713,true
new-1770,https://dns.br/,dns.br,ranked-new-corpus,997712,true
new-1771,https://messenger.com/,messenger.com,ranked-new-corpus,997711,true
new-1772,https://cloudflarestorage.com/,cloudflarestorage.com,ranked-new-corpus,997710,true
new-1773,https://cc-ecdn.net/,cc-ecdn.net,ranked-new-corpus,997709,true
new-1774,https://livedns.co.uk/,livedns.co.uk,ranked-new-corpus,997708,true
new-1775,https://vox.com/,vox.com,ranked-new-corpus,997706,true
new-1776,https://1688.com/,1688.com,ranked-new-corpus,997705,true
new-1777,https://canonical.com/,canonical.com,ranked-new-corpus,997702,true
new-1778,https://gov.cn/,gov.cn,ranked-new-corpus,997701,true
new-1779,https://mintegral.net/,mintegral.net,ranked-new-corpus,997700,true
new-1780,https://photobucket.com/,photobucket.com,ranked-new-corpus,997699,true
new-1781,https://kde.org/,kde.org,ranked-new-corpus,997697,true
new-1782,https://asana.com/,asana.com,ranked-new-corpus,997695,true
new-1783,https://khanacademy.org/,khanacademy.org,ranked-new-corpus,997694,true
new-1784,https://tdnsv5.com/,tdnsv5.com,ranked-new-corpus,997693,true
new-1785,https://adjoe.zone/,adjoe.zone,ranked-new-corpus,997692,true
new-1786,https://techradar.com/,techradar.com,ranked-new-corpus,997688,true
new-1787,https://garenanow.com/,garenanow.com,ranked-new-corpus,997687,true
new-1788,https://weibo.cn/,weibo.cn,ranked-new-corpus,997686,true
new-1789,https://earthlink.net/,earthlink.net,ranked-new-corpus,997683,true
new-1790,https://constellix.com/,constellix.com,ranked-new-corpus,997682,true
new-1791,https://ucoz.ru/,ucoz.ru,ranked-new-corpus,997681,true
new-1792,https://weather.gov/,weather.gov,ranked-new-corpus,997680,true
new-1793,https://purdue.edu/,purdue.edu,ranked-new-corpus,997679,true
new-1794,https://grafana.com/,grafana.com,ranked-new-corpus,997678,true
new-1795,https://queniuck.com/,queniuck.com,ranked-new-corpus,997677,true
new-1796,https://ttlivecdn.com/,ttlivecdn.com,ranked-new-corpus,997676,true
new-1797,https://istockphoto.com/,istockphoto.com,ranked-new-corpus,997675,true
new-1798,https://hbomax.com/,hbomax.com,ranked-new-corpus,997674,true
new-1799,https://sakura.ne.jp/,sakura.ne.jp,ranked-new-corpus,997673,true
new-1800,https://dnsv.jp/,dnsv.jp,ranked-new-corpus,997671,true
new-1801,https://kasserver.com/,kasserver.com,ranked-new-corpus,997670,true
new-1802,https://kinopoisk.ru/,kinopoisk.ru,ranked-new-corpus,997669,true
new-1803,https://ax-dc-msedge.net/,ax-dc-msedge.net,ranked-new-corpus,997668,true
new-1804,https://here.com/,here.com,ranked-new-corpus,997666,true
new-1805,https://nba.com/,nba.com,ranked-new-corpus,997665,true
new-1806,https://ria.ru/,ria.ru,ranked-new-corpus,997664,true
new-1807,https://shorturl.at/,shorturl.at,ranked-new-corpus,997663,true
new-1808,https://signal.org/,signal.org,ranked-new-corpus,997662,true
new-1809,https://adp.com/,adp.com,ranked-new-corpus,997661,true
new-1810,https://zeasn.tv/,zeasn.tv,ranked-new-corpus,997659,true
new-1811,https://mixcloud.com/,mixcloud.com,ranked-new-corpus,997658,true
new-1812,https://ioam.de/,ioam.de,ranked-new-corpus,997655,true
new-1813,https://so.com/,so.com,ranked-new-corpus,997654,true
new-1814,https://kraken.com/,kraken.com,ranked-new-corpus,997653,true
new-1815,https://freefiremobile.com/,freefiremobile.com,ranked-new-corpus,997652,true
new-1816,https://infocyte.com/,infocyte.com,ranked-new-corpus,997651,true
new-1817,https://centrastage.net/,centrastage.net,ranked-new-corpus,997650,true
new-1818,https://tidal.com/,tidal.com,ranked-new-corpus,997649,true
new-1819,https://tappx.com/,tappx.com,ranked-new-corpus,997648,true
new-1820,https://html-load.com/,html-load.com,ranked-new-corpus,997647,true
new-1821,https://mos.ru/,mos.ru,ranked-new-corpus,997646,true
new-1822,https://java.com/,java.com,ranked-new-corpus,997645,true
new-1823,https://gameanalytics.com/,gameanalytics.com,ranked-new-corpus,997644,true
new-1824,https://nielsen.com/,nielsen.com,ranked-new-corpus,997643,true
new-1825,https://icann.org/,icann.org,ranked-new-corpus,997642,true
new-1826,https://samba.tv/,samba.tv,ranked-new-corpus,997640,true
new-1827,https://dnsv5.com/,dnsv5.com,ranked-new-corpus,997639,true
new-1828,https://inc.com/,inc.com,ranked-new-corpus,997638,true
new-1829,https://last.fm/,last.fm,ranked-new-corpus,997637,true
new-1830,https://salthasher.com/,salthasher.com,ranked-new-corpus,997636,true
new-1831,https://smi2.net/,smi2.net,ranked-new-corpus,997635,true
new-1832,https://smailru.net/,smailru.net,ranked-new-corpus,997634,true
new-1833,https://1password.com/,1password.com,ranked-new-corpus,997633,true
new-1834,https://coinbase.com/,coinbase.com,ranked-new-corpus,997632,true
new-1835,https://oculus.com/,oculus.com,ranked-new-corpus,997631,true
new-1836,https://otm-r.com/,otm-r.com,ranked-new-corpus,997630,true
new-1837,https://bigcartel.com/,bigcartel.com,ranked-new-corpus,997629,true
new-1838,https://energy.gov/,energy.gov,ranked-new-corpus,997628,true
new-1839,https://igodigital.com/,igodigital.com,ranked-new-corpus,997627,true
new-1840,https://verkada.com/,verkada.com,ranked-new-corpus,997626,true
new-1841,https://fbpigeon.com/,fbpigeon.com,ranked-new-corpus,997625,true
new-1842,https://yotpo.com/,yotpo.com,ranked-new-corpus,997624,true
new-1843,https://chartboost.com/,chartboost.com,ranked-new-corpus,997623,true
new-1844,https://aws-prd.net/,aws-prd.net,ranked-new-corpus,997622,true
new-1845,https://libero.it/,libero.it,ranked-new-corpus,997621,true
new-1846,https://bunny.net/,bunny.net,ranked-new-corpus,997620,true
new-1847,https://sendbird.com/,sendbird.com,ranked-new-corpus,997619,true
new-1848,https://ringcentral.com/,ringcentral.com,ranked-new-corpus,997617,true
new-1849,https://immunet.com/,immunet.com,ranked-new-corpus,997616,true
new-1850,https://discordapp.net/,discordapp.net,ranked-new-corpus,997615,true
new-1851,https://afraid.org/,afraid.org,ranked-new-corpus,997613,true
new-1852,https://sslip.io/,sslip.io,ranked-new-corpus,997612,true
new-1853,https://congress.gov/,congress.gov,ranked-new-corpus,997610,true
new-1854,https://hyatt.com/,hyatt.com,ranked-new-corpus,997609,true
new-1855,https://samsungelectronics.com/,samsungelectronics.com,ranked-new-corpus,997607,true
new-1856,https://jimdofree.com/,jimdofree.com,ranked-new-corpus,997605,true
new-1857,https://miro.com/,miro.com,ranked-new-corpus,997603,true
new-1858,https://co.com/,co.com,ranked-new-corpus,997602,true
new-1859,https://altervista.org/,altervista.org,ranked-new-corpus,997601,true
new-1860,https://utoronto.ca/,utoronto.ca,ranked-new-corpus,997599,true
new-1861,https://pacloudflare.com/,pacloudflare.com,ranked-new-corpus,997598,true
new-1862,https://umd.edu/,umd.edu,ranked-new-corpus,997597,true
new-1863,https://mysecurecloudhost.com/,mysecurecloudhost.com,ranked-new-corpus,997596,true
new-1864,https://accenture.com/,accenture.com,ranked-new-corpus,997595,true
new-1865,https://guardian.co.uk/,guardian.co.uk,ranked-new-corpus,997594,true
new-1866,https://crunchyroll.com/,crunchyroll.com,ranked-new-corpus,997593,true
new-1867,https://wpengine.com/,wpengine.com,ranked-new-corpus,997592,true
new-1868,https://geotrust.com/,geotrust.com,ranked-new-corpus,997591,true
new-1869,https://pullcm.com/,pullcm.com,ranked-new-corpus,997590,true
new-1870,https://crowdstrike.com/,crowdstrike.com,ranked-new-corpus,997588,true
new-1871,https://distmed.com/,distmed.com,ranked-new-corpus,997587,true
new-1872,https://ctripgslb.net/,ctripgslb.net,ranked-new-corpus,997586,true
new-1873,https://web.dev/,web.dev,ranked-new-corpus,997585,true
new-1874,https://hihonor.com/,hihonor.com,ranked-new-corpus,997584,true
new-1875,https://websupport.sk/,websupport.sk,ranked-new-corpus,997583,true
new-1876,https://traffmonetizer.com/,traffmonetizer.com,ranked-new-corpus,997582,true
new-1877,https://olympics.com/,olympics.com,ranked-new-corpus,997581,true
new-1878,https://msu.edu/,msu.edu,ranked-new-corpus,997580,true
new-1879,https://oraclecloud.net/,oraclecloud.net,ranked-new-corpus,997579,true
new-1880,https://snowflake.com/,snowflake.com,ranked-new-corpus,997577,true
new-1881,https://netscape.com/,netscape.com,ranked-new-corpus,997576,true
new-1882,https://hath.network/,hath.network,ranked-new-corpus,997575,true
new-1883,https://notion.site/,notion.site,ranked-new-corpus,997574,true
new-1884,https://steamcontent.com/,steamcontent.com,ranked-new-corpus,997573,true
new-1885,https://splunkcloud.com/,splunkcloud.com,ranked-new-corpus,997572,true
new-1886,https://senate.gov/,senate.gov,ranked-new-corpus,997571,true
new-1887,https://rollingstone.com/,rollingstone.com,ranked-new-corpus,997570,true
new-1888,https://ny.gov/,ny.gov,ranked-new-corpus,997569,true
new-1889,https://lgtviot.com/,lgtviot.com,ranked-new-corpus,997568,true
new-1890,https://ionos.de/,ionos.de,ranked-new-corpus,997567,true
new-1891,https://openssl.org/,openssl.org,ranked-new-corpus,997566,true
new-1892,https://usc.edu/,usc.edu,ranked-new-corpus,997565,true
new-1893,https://slate.com/,slate.com,ranked-new-corpus,997564,true
new-1894,https://lgsmartad.com/,lgsmartad.com,ranked-new-corpus,997563,true
new-1895,https://nejm.org/,nejm.org,ranked-new-corpus,997562,true
new-1896,https://nexon.com/,nexon.com,ranked-new-corpus,997561,true
new-1897,https://resume.com/,resume.com,ranked-new-corpus,997559,true
new-1898,https://imf.org/,imf.org,ranked-new-corpus,997558,true
new-1899,https://mlstatic.com/,mlstatic.com,ranked-new-corpus,997557,true
new-1900,https://sinaimg.cn/,sinaimg.cn,ranked-new-corpus,997556,true
new-1901,https://abcnews.com/,abcnews.com,ranked-new-corpus,997555,true
new-1902,https://digg.com/,digg.com,ranked-new-corpus,997554,true
new-1903,https://apachefriends.org/,apachefriends.org,ranked-new-corpus,997553,true
new-1904,https://paywb.com/,paywb.com,ranked-new-corpus,997552,true
new-1905,https://imoim.net/,imoim.net,ranked-new-corpus,997551,true
new-1906,https://web.de/,web.de,ranked-new-corpus,997550,true
new-1907,https://home-assistant.io/,home-assistant.io,ranked-new-corpus,997549,true
new-1908,https://redditmedia.com/,redditmedia.com,ranked-new-corpus,997548,true
new-1909,https://ey.com/,ey.com,ranked-new-corpus,997547,true
new-1910,https://ucdavis.edu/,ucdavis.edu,ranked-new-corpus,997546,true
new-1911,https://meituan.com/,meituan.com,ranked-new-corpus,997545,true
new-1912,https://hatena.ne.jp/,hatena.ne.jp,ranked-new-corpus,997544,true
new-1913,https://douban.com/,douban.com,ranked-new-corpus,997543,true
new-1914,https://upwork.com/,upwork.com,ranked-new-corpus,997542,true
new-1915,https://moodle.com/,moodle.com,ranked-new-corpus,997541,true
new-1916,https://mwscdn.ru/,mwscdn.ru,ranked-new-corpus,997540,true
new-1917,https://bt.co/,bt.co,ranked-new-corpus,997538,true
new-1918,https://applvn.com/,applvn.com,ranked-new-corpus,997537,true
new-1919,https://de.com/,de.com,ranked-new-corpus,997536,true
new-1920,https://x5.ru/,x5.ru,ranked-new-corpus,997535,true
new-1921,https://ubc.ca/,ubc.ca,ranked-new-corpus,997534,true
new-1922,https://2gis.ru/,2gis.ru,ranked-new-corpus,997533,true
new-1923,https://express.co.uk/,express.co.uk,ranked-new-corpus,997532,true
new-1924,https://made-in-china.com/,made-in-china.com,ranked-new-corpus,997531,true
new-1925,https://polymarket.com/,polymarket.com,ranked-new-corpus,997530,true
new-1926,https://spaceweb.ru/,spaceweb.ru,ranked-new-corpus,997529,true
new-1927,https://inmotionhosting.com/,inmotionhosting.com,ranked-new-corpus,997527,true
new-1928,https://peacocktv.com/,peacocktv.com,ranked-new-corpus,997526,true
new-1929,https://surfshark.com/,surfshark.com,ranked-new-corpus,997525,true
new-1930,https://kgslb.com/,kgslb.com,ranked-new-corpus,997524,true
new-1931,https://ifeng.com/,ifeng.com,ranked-new-corpus,997521,true
new-1932,https://trip.com/,trip.com,ranked-new-corpus,997520,true
new-1933,https://sfgate.com/,sfgate.com,ranked-new-corpus,997519,true
new-1934,https://lww.com/,lww.com,ranked-new-corpus,997518,true
new-1935,https://churnzero.net/,churnzero.net,ranked-new-corpus,997517,true
new-1936,https://gmx.net/,gmx.net,ranked-new-corpus,997516,true
new-1937,https://infomaniak.com/,infomaniak.com,ranked-new-corpus,997515,true
new-1938,https://msecnd.net/,msecnd.net,ranked-new-corpus,997510,true
new-1939,https://pcmag.com/,pcmag.com,ranked-new-corpus,997509,true
new-1940,https://screenconnect.com/,screenconnect.com,ranked-new-corpus,997508,true
new-1941,https://ford.com/,ford.com,ranked-new-corpus,997507,true
new-1942,https://mpg.de/,mpg.de,ranked-new-corpus,997506,true
new-1943,https://trustindex.io/,trustindex.io,ranked-new-corpus,997505,true
new-1944,https://wtxcdn.com/,wtxcdn.com,ranked-new-corpus,997504,true
new-1945,https://getyourguide.com/,getyourguide.com,ranked-new-corpus,997503,true
new-1946,https://rspamd.com/,rspamd.com,ranked-new-corpus,997502,true
new-1947,https://oath.cloud/,oath.cloud,ranked-new-corpus,997501,true
new-1948,https://transip.nl/,transip.nl,ranked-new-corpus,997500,true
new-1949,https://nordvpn.com/,nordvpn.com,ranked-new-corpus,997499,true
new-1950,https://nubank.com.br/,nubank.com.br,ranked-new-corpus,997498,true
new-1951,https://volces.com/,volces.com,ranked-new-corpus,997497,true
new-1952,https://okx.com/,okx.com,ranked-new-corpus,997496,true
new-1953,https://ssa.gov/,ssa.gov,ranked-new-corpus,997495,true
new-1954,https://ogury.io/,ogury.io,ranked-new-corpus,997494,true
new-1955,https://tutu.ru/,tutu.ru,ranked-new-corpus,997493,true
new-1956,https://xxpkg.com/,xxpkg.com,ranked-new-corpus,997491,true
new-1957,https://ntp.br/,ntp.br,ranked-new-corpus,997489,true
new-1958,https://entrepreneur.com/,entrepreneur.com,ranked-new-corpus,997488,true
new-1959,https://scopely.io/,scopely.io,ranked-new-corpus,997487,true
new-1960,https://wetransfer.com/,wetransfer.com,ranked-new-corpus,997486,true
new-1961,https://zend.com/,zend.com,ranked-new-corpus,997485,true
new-1962,https://mojohost.com/,mojohost.com,ranked-new-corpus,997484,true
new-1963,https://gettyimages.com/,gettyimages.com,ranked-new-corpus,997483,true
new-1964,https://rr.com/,rr.com,ranked-new-corpus,997482,true
new-1965,https://lastpass.com/,lastpass.com,ranked-new-corpus,997481,true
new-1966,https://gboxlab.com/,gboxlab.com,ranked-new-corpus,997480,true
new-1967,https://sensic.net/,sensic.net,ranked-new-corpus,997479,true
new-1968,https://qianxun.com/,qianxun.com,ranked-new-corpus,997478,true
new-1969,https://audible.com/,audible.com,ranked-new-corpus,997477,true
new-1970,https://elastic.co/,elastic.co,ranked-new-corpus,997476,true
new-1971,https://wskam.com/,wskam.com,ranked-new-corpus,997475,true
new-1972,https://pypi.org/,pypi.org,ranked-new-corpus,997471,true
new-1973,https://isnssdk.com/,isnssdk.com,ranked-new-corpus,997470,true
new-1974,https://tmall.com/,tmall.com,ranked-new-corpus,997469,true
new-1975,https://scmp.com/,scmp.com,ranked-new-corpus,997468,true
new-1976,https://e-msedge.net/,e-msedge.net,ranked-new-corpus,997467,true
new-1977,https://rt.com/,rt.com,ranked-new-corpus,997466,true
new-1978,https://rainberrytv.com/,rainberrytv.com,ranked-new-corpus,997465,true
new-1979,https://hollywoodreporter.com/,hollywoodreporter.com,ranked-new-corpus,997464,true
new-1980,https://cdek.ru/,cdek.ru,ranked-new-corpus,997463,true
new-1981,https://like.video/,like.video,ranked-new-corpus,997462,true
new-1982,https://samsungapis.com/,samsungapis.com,ranked-new-corpus,997461,true
new-1983,https://amplifyapp.com/,amplifyapp.com,ranked-new-corpus,997459,true
new-1984,https://wikia.com/,wikia.com,ranked-new-corpus,997458,true
new-1985,https://aibotplatform.com/,aibotplatform.com,ranked-new-corpus,997457,true
new-1986,https://news.com.au/,news.com.au,ranked-new-corpus,997455,true
new-1987,https://qz.com/,qz.com,ranked-new-corpus,997454,true
new-1988,https://dnsip.com/,dnsip.com,ranked-new-corpus,997452,true
new-1989,https://snapcraft.io/,snapcraft.io,ranked-new-corpus,997450,true
new-1990,https://glassdoor.com/,glassdoor.com,ranked-new-corpus,997449,true
new-1991,https://mgts.ru/,mgts.ru,ranked-new-corpus,997448,true
new-1992,https://atom.com/,atom.com,ranked-new-corpus,997446,true
new-1993,https://grindr.com/,grindr.com,ranked-new-corpus,997445,true
new-1994,https://bbtec.net/,bbtec.net,ranked-new-corpus,997444,true
new-1995,https://supercdn.ru/,supercdn.ru,ranked-new-corpus,997443,true
new-1996,https://smh.com.au/,smh.com.au,ranked-new-corpus,997442,true
new-1997,https://slashdot.org/,slashdot.org,ranked-new-corpus,997441,true
new-1998,https://pavietnam.vn/,pavietnam.vn,ranked-new-corpus,997440,true
new-1999,https://clickup.com/,clickup.com,ranked-new-corpus,997439,true
new-2000,https://ibb.co/,ibb.co,ranked-new-corpus,997438,true
