id,url,domain,category,priority,enabled
ranked-0000001,https://google.com/,google.com,ranked-high-usage,2001,true
ranked-0000002,https://base.org/,base.org,ranked-high-usage,2000,true
ranked-0000003,https://gstatic.com/,gstatic.com,ranked-high-usage,1999,true
ranked-0000004,https://google.com/,google.com,ranked-high-usage,1998,true
ranked-0000005,https://microsoft.com/,microsoft.com,ranked-high-usage,1997,true
ranked-0000006,https://data.microsoft.com/,data.microsoft.com,ranked-high-usage,1996,true
ranked-0000007,https://ezviz7.com/,ezviz7.com,ranked-high-usage,1995,true
ranked-0000008,https://events.data.microsoft.com/,events.data.microsoft.com,ranked-high-usage,1994,true
ranked-0000009,https://gstatic.com/,gstatic.com,ranked-high-usage,1993,true
ranked-0000010,https://office.com/,office.com,ranked-high-usage,1992,true
ranked-0000011,https://live.com/,live.com,ranked-high-usage,1991,true
ranked-0000012,https://update.googleapis.com/,update.googleapis.com,ranked-high-usage,1990,true
ranked-0000013,https://hicloudcam.com/,hicloudcam.com,ranked-high-usage,1989,true
ranked-0000014,https://microsoftonline.com/,microsoftonline.com,ranked-high-usage,1988,true
ranked-0000015,https://login.microsoftonline.com/,login.microsoftonline.com,ranked-high-usage,1987,true
ranked-0000016,https://accounts.google.com/,accounts.google.com,ranked-high-usage,1986,true
ranked-0000017,https://digicert.com/,digicert.com,ranked-high-usage,1985,true
ranked-0000018,https://cloud.microsoft/,cloud.microsoft,ranked-high-usage,1984,true
ranked-0000019,https://skype.com/,skype.com,ranked-high-usage,1983,true
ranked-0000020,https://office.net/,office.net,ranked-high-usage,1982,true
ranked-0000021,https://ecs.office.com/,ecs.office.com,ranked-high-usage,1981,true
ranked-0000022,https://mp.microsoft.com/,mp.microsoft.com,ranked-high-usage,1980,true
ranked-0000023,https://edge.skype.com/,edge.skype.com,ranked-high-usage,1979,true
ranked-0000024,https://config.edge.skype.com/,config.edge.skype.com,ranked-high-usage,1978,true
ranked-0000025,https://officeapps.live.com/,officeapps.live.com,ranked-high-usage,1977,true
ranked-0000026,https://mobile.events.data.microsoft.com/,mobile.events.data.microsoft.com,ranked-high-usage,1976,true
ranked-0000027,https://mtalk.google.com/,mtalk.google.com,ranked-high-usage,1975,true
ranked-0000028,https://apple.com/,apple.com,ranked-high-usage,1974,true
ranked-0000029,https://googleusercontent.com/,googleusercontent.com,ranked-high-usage,1973,true
ranked-0000030,https://doubleclick.net/,doubleclick.net,ranked-high-usage,1972,true
ranked-0000031,https://fonts.gstatic.com/,fonts.gstatic.com,ranked-high-usage,1971,true
ranked-0000032,https://amazonaws.com/,amazonaws.com,ranked-high-usage,1970,true
ranked-0000033,https://ocsp.digicert.com/,ocsp.digicert.com,ranked-high-usage,1969,true
ranked-0000034,https://bing.com/,bing.com,ranked-high-usage,1968,true
ranked-0000035,https://svc.cloud.microsoft/,svc.cloud.microsoft,ranked-high-usage,1967,true
ranked-0000036,https://windowsupdate.com/,windowsupdate.com,ranked-high-usage,1966,true
ranked-0000037,https://login.live.com/,login.live.com,ranked-high-usage,1965,true
ranked-0000038,https://ctldl.windowsupdate.com/,ctldl.windowsupdate.com,ranked-high-usage,1964,true
ranked-0000039,https://settings-win.data.microsoft.com/,settings-win.data.microsoft.com,ranked-high-usage,1963,true
ranked-0000040,https://g.doubleclick.net/,g.doubleclick.net,ranked-high-usage,1962,true
ranked-0000041,https://clientservices.googleapis.com/,clientservices.googleapis.com,ranked-high-usage,1961,true
ranked-0000042,https://optimizationguide-pa.googleapis.com/,optimizationguide-pa.googleapis.com,ranked-high-usage,1960,true
ranked-0000043,https://fonts.googleapis.com/,fonts.googleapis.com,ranked-high-usage,1959,true
ranked-0000044,https://msn.com/,msn.com,ranked-high-usage,1958,true
ranked-0000045,https://googletagmanager.com/,googletagmanager.com,ranked-high-usage,1957,true
ranked-0000046,https://googletagmanager.com/,googletagmanager.com,ranked-high-usage,1956,true
ranked-0000047,https://facebook.com/,facebook.com,ranked-high-usage,1955,true
ranked-0000048,https://play.google.com/,play.google.com,ranked-high-usage,1954,true
ranked-0000049,https://googleapis.com/,googleapis.com,ranked-high-usage,1953,true
ranked-0000050,https://office365.com/,office365.com,ranked-high-usage,1952,true
ranked-0000051,https://teams.microsoft.com/,teams.microsoft.com,ranked-high-usage,1951,true
ranked-0000052,https://cloudflare.com/,cloudflare.com,ranked-high-usage,1950,true
ranked-0000053,https://dsp.mp.microsoft.com/,dsp.mp.microsoft.com,ranked-high-usage,1949,true
ranked-0000054,https://self.events.data.microsoft.com/,self.events.data.microsoft.com,ranked-high-usage,1948,true
ranked-0000055,https://gvt1.com/,gvt1.com,ranked-high-usage,1947,true
ranked-0000056,https://windows.com/,windows.com,ranked-high-usage,1946,true
ranked-0000057,https://outlook.office365.com/,outlook.office365.com,ranked-high-usage,1945,true
ranked-0000058,https://do.dsp.mp.microsoft.com/,do.dsp.mp.microsoft.com,ranked-high-usage,1944,true
ranked-0000059,https://prod.do.dsp.mp.microsoft.com/,prod.do.dsp.mp.microsoft.com,ranked-high-usage,1943,true
ranked-0000060,https://static.microsoft/,static.microsoft,ranked-high-usage,1942,true
ranked-0000061,https://clients6.google.com/,clients6.google.com,ranked-high-usage,1941,true
ranked-0000062,https://clients4.google.com/,clients4.google.com,ranked-high-usage,1940,true
ranked-0000063,https://edge.microsoft.com/,edge.microsoft.com,ranked-high-usage,1939,true
ranked-0000064,https://bing.com/,bing.com,ranked-high-usage,1938,true
ranked-0000065,https://safebrowsing.googleapis.com/,safebrowsing.googleapis.com,ranked-high-usage,1937,true
ranked-0000066,https://graph.microsoft.com/,graph.microsoft.com,ranked-high-usage,1936,true
ranked-0000067,https://clients2.google.com/,clients2.google.com,ranked-high-usage,1935,true
ranked-0000068,https://googleads.g.doubleclick.net/,googleads.g.doubleclick.net,ranked-high-usage,1934,true
ranked-0000069,https://youtube.com/,youtube.com,ranked-high-usage,1933,true
ranked-0000070,https://substrate.office.com/,substrate.office.com,ranked-high-usage,1932,true
ranked-0000071,https://onecdn.static.microsoft/,onecdn.static.microsoft,ranked-high-usage,1931,true
ranked-0000072,https://public.onecdn.static.microsoft/,public.onecdn.static.microsoft,ranked-high-usage,1930,true
ranked-0000073,https://delivery.mp.microsoft.com/,delivery.mp.microsoft.com,ranked-high-usage,1929,true
ranked-0000074,https://me.gvt1.com/,me.gvt1.com,ranked-high-usage,1928,true
ranked-0000075,https://edgedl.me.gvt1.com/,edgedl.me.gvt1.com,ranked-high-usage,1927,true
ranked-0000076,https://google-analytics.com/,google-analytics.com,ranked-high-usage,1926,true
ranked-0000077,https://lh3.googleusercontent.com/,lh3.googleusercontent.com,ranked-high-usage,1925,true
ranked-0000078,https://sharepoint.com/,sharepoint.com,ranked-high-usage,1924,true
ranked-0000079,https://cdn.office.net/,cdn.office.net,ranked-high-usage,1923,true
ranked-0000080,https://update.microsoft.com/,update.microsoft.com,ranked-high-usage,1922,true
ranked-0000081,https://outlook.office.com/,outlook.office.com,ranked-high-usage,1921,true
ranked-0000082,https://officeclient.microsoft.com/,officeclient.microsoft.com,ranked-high-usage,1920,true
ranked-0000083,https://google-analytics.com/,google-analytics.com,ranked-high-usage,1919,true
ranked-0000084,https://gwfb.net/,gwfb.net,ranked-high-usage,1918,true
ranked-0000085,https://odc.officeapps.live.com/,odc.officeapps.live.com,ranked-high-usage,1917,true
ranked-0000086,https://clients.google.com/,clients.google.com,ranked-high-usage,1916,true
ranked-0000087,https://android.clients.google.com/,android.clients.google.com,ranked-high-usage,1915,true
ranked-0000088,https://content-autofill.googleapis.com/,content-autofill.googleapis.com,ranked-high-usage,1914,true
ranked-0000089,https://ogads-pa.clients6.google.com/,ogads-pa.clients6.google.com,ranked-high-usage,1913,true
ranked-0000090,https://ssl.gstatic.com/,ssl.gstatic.com,ranked-high-usage,1912,true
ranked-0000091,https://config.office.net/,config.office.net,ranked-high-usage,1911,true
ranked-0000092,https://clients.config.office.net/,clients.config.office.net,ranked-high-usage,1910,true
ranked-0000093,https://res.public.onecdn.static.microsoft/,res.public.onecdn.static.microsoft,ranked-high-usage,1909,true
ranked-0000094,https://windows.net/,windows.net,ranked-high-usage,1908,true
ranked-0000095,https://icloud.com/,icloud.com,ranked-high-usage,1907,true
ranked-0000096,https://com.akadns.net/,com.akadns.net,ranked-high-usage,1906,true
ranked-0000097,https://manage.microsoft.com/,manage.microsoft.com,ranked-high-usage,1905,true
ranked-0000098,https://googlesyndication.com/,googlesyndication.com,ranked-high-usage,1904,true
ranked-0000099,https://oneocsp.microsoft.com/,oneocsp.microsoft.com,ranked-high-usage,1903,true
ranked-0000100,https://googleadservices.com/,googleadservices.com,ranked-high-usage,1902,true
ranked-0000101,https://sfx.ms/,sfx.ms,ranked-high-usage,1901,true
ranked-0000102,https://oneclient.sfx.ms/,oneclient.sfx.ms,ranked-high-usage,1900,true
ranked-0000103,https://googleadservices.com/,googleadservices.com,ranked-high-usage,1899,true
ranked-0000104,https://dl.delivery.mp.microsoft.com/,dl.delivery.mp.microsoft.com,ranked-high-usage,1898,true
ranked-0000105,https://ls.apple.com/,ls.apple.com,ranked-high-usage,1897,true
ranked-0000106,https://measure.office.net/,measure.office.net,ranked-high-usage,1896,true
ranked-0000107,https://nel.measure.office.net/,nel.measure.office.net,ranked-high-usage,1895,true
ranked-0000108,https://youtube.com/,youtube.com,ranked-high-usage,1894,true
ranked-0000109,https://arc.msn.com/,arc.msn.com,ranked-high-usage,1893,true
ranked-0000110,https://tlu.dl.delivery.mp.microsoft.com/,tlu.dl.delivery.mp.microsoft.com,ranked-high-usage,1892,true
ranked-0000111,https://aaplimg.com/,aaplimg.com,ranked-high-usage,1891,true
ranked-0000112,https://apple-dns.net/,apple-dns.net,ranked-high-usage,1890,true
ranked-0000113,https://g.live.com/,g.live.com,ranked-high-usage,1889,true
ranked-0000114,https://browser.events.data.microsoft.com/,browser.events.data.microsoft.com,ranked-high-usage,1888,true
ranked-0000115,https://azure.com/,azure.com,ranked-high-usage,1887,true
ranked-0000116,https://teams.events.data.microsoft.com/,teams.events.data.microsoft.com,ranked-high-usage,1886,true
ranked-0000117,https://encrypted-tbn0.gstatic.com/,encrypted-tbn0.gstatic.com,ranked-high-usage,1885,true
ranked-0000118,https://assets.msn.com/,assets.msn.com,ranked-high-usage,1884,true
ranked-0000119,https://pagead2.googlesyndication.com/,pagead2.googlesyndication.com,ranked-high-usage,1883,true
ranked-0000120,https://teams.cloud.microsoft/,teams.cloud.microsoft,ranked-high-usage,1882,true
ranked-0000121,https://geo.prod.do.dsp.mp.microsoft.com/,geo.prod.do.dsp.mp.microsoft.com,ranked-high-usage,1881,true
ranked-0000122,https://play.googleapis.com/,play.googleapis.com,ranked-high-usage,1880,true
ranked-0000123,https://ytimg.com/,ytimg.com,ranked-high-usage,1879,true
ranked-0000124,https://i.ytimg.com/,i.ytimg.com,ranked-high-usage,1878,true
ranked-0000125,https://config.teams.microsoft.com/,config.teams.microsoft.com,ranked-high-usage,1877,true
ranked-0000126,https://g.aaplimg.com/,g.aaplimg.com,ranked-high-usage,1876,true
ranked-0000127,https://smartscreen.microsoft.com/,smartscreen.microsoft.com,ranked-high-usage,1875,true
ranked-0000128,https://itunes.apple.com/,itunes.apple.com,ranked-high-usage,1874,true
ranked-0000129,https://ad.doubleclick.net/,ad.doubleclick.net,ranked-high-usage,1873,true
ranked-0000130,https://facebook.com/,facebook.com,ranked-high-usage,1872,true
ranked-0000131,https://iris.microsoft.com/,iris.microsoft.com,ranked-high-usage,1871,true
ranked-0000132,https://api.iris.microsoft.com/,api.iris.microsoft.com,ranked-high-usage,1870,true
ranked-0000133,https://adtrafficquality.google/,adtrafficquality.google,ranked-high-usage,1869,true
ranked-0000134,https://adobe.com/,adobe.com,ranked-high-usage,1868,true
ranked-0000135,https://sentry.io/,sentry.io,ranked-high-usage,1867,true
ranked-0000136,https://res.cdn.office.net/,res.cdn.office.net,ranked-high-usage,1866,true
ranked-0000137,https://fd.api.iris.microsoft.com/,fd.api.iris.microsoft.com,ranked-high-usage,1865,true
ranked-0000138,https://msftconnecttest.com/,msftconnecttest.com,ranked-high-usage,1864,true
ranked-0000139,https://cdp.microsoft.com/,cdp.microsoft.com,ranked-high-usage,1863,true
ranked-0000140,https://api.cdp.microsoft.com/,api.cdp.microsoft.com,ranked-high-usage,1862,true
ranked-0000141,https://msedge.api.cdp.microsoft.com/,msedge.api.cdp.microsoft.com,ranked-high-usage,1861,true
ranked-0000142,https://ali.gwfb.net/,ali.gwfb.net,ranked-high-usage,1860,true
ranked-0000143,https://mrodevicemgr.officeapps.live.com/,mrodevicemgr.officeapps.live.com,ranked-high-usage,1859,true
ranked-0000144,https://trouter.teams.microsoft.com/,trouter.teams.microsoft.com,ranked-high-usage,1858,true
ranked-0000145,https://lsrelayaccess.com/,lsrelayaccess.com,ranked-high-usage,1857,true
ranked-0000146,https://analytics.google.com/,analytics.google.com,ranked-high-usage,1856,true
ranked-0000147,https://pki.goog/,pki.goog,ranked-high-usage,1855,true
ranked-0000148,https://outlook.com/,outlook.com,ranked-high-usage,1854,true
ranked-0000149,https://push.apple.com/,push.apple.com,ranked-high-usage,1853,true
ranked-0000150,https://licensing.mp.microsoft.com/,licensing.mp.microsoft.com,ranked-high-usage,1852,true
ranked-0000151,https://ep1.adtrafficquality.google/,ep1.adtrafficquality.google,ranked-high-usage,1851,true
ranked-0000152,https://c.pki.goog/,c.pki.goog,ranked-high-usage,1850,true
ranked-0000153,https://msftconnecttest.com/,msftconnecttest.com,ranked-high-usage,1849,true
ranked-0000154,https://core.windows.net/,core.windows.net,ranked-high-usage,1848,true
ranked-0000155,https://oauthaccountmanager.googleapis.com/,oauthaccountmanager.googleapis.com,ranked-high-usage,1847,true
ranked-0000156,https://stats.g.doubleclick.net/,stats.g.doubleclick.net,ranked-high-usage,1846,true
ranked-0000157,https://fe3cr.delivery.mp.microsoft.com/,fe3cr.delivery.mp.microsoft.com,ranked-high-usage,1845,true
ranked-0000158,https://shiabank.com/,shiabank.com,ranked-high-usage,1844,true
ranked-0000159,https://cwsapp.update.microsoft.com/,cwsapp.update.microsoft.com,ranked-high-usage,1843,true
ranked-0000160,https://delve.office.com/,delve.office.com,ranked-high-usage,1842,true
ranked-0000161,https://loki.delve.office.com/,loki.delve.office.com,ranked-high-usage,1841,true
ranked-0000162,https://mask.icloud.com/,mask.icloud.com,ranked-high-usage,1840,true
ranked-0000163,https://tas01.cwsapp.update.microsoft.com/,tas01.cwsapp.update.microsoft.com,ranked-high-usage,1839,true
ranked-0000164,https://ep2.adtrafficquality.google/,ep2.adtrafficquality.google,ranked-high-usage,1838,true
ranked-0000165,https://dsx.mp.microsoft.com/,dsx.mp.microsoft.com,ranked-high-usage,1837,true
ranked-0000166,https://storeedgefd.dsx.mp.microsoft.com/,storeedgefd.dsx.mp.microsoft.com,ranked-high-usage,1836,true
ranked-0000167,https://connectivitycheck.gstatic.com/,connectivitycheck.gstatic.com,ranked-high-usage,1835,true
ranked-0000168,https://crl3.digicert.com/,crl3.digicert.com,ranked-high-usage,1834,true
ranked-0000169,https://bag.itunes.apple.com/,bag.itunes.apple.com,ranked-high-usage,1833,true
ranked-0000170,https://ipv4only.arpa/,ipv4only.arpa,ranked-high-usage,1832,true
ranked-0000171,https://th.bing.com/,th.bing.com,ranked-high-usage,1831,true
ranked-0000172,https://mos.microsoft.com/,mos.microsoft.com,ranked-high-usage,1830,true
ranked-0000173,https://gvt2.com/,gvt2.com,ranked-high-usage,1829,true
ranked-0000174,https://activity.windows.com/,activity.windows.com,ranked-high-usage,1828,true
ranked-0000175,https://fastly.net/,fastly.net,ranked-high-usage,1827,true
ranked-0000176,https://fe2cr.update.microsoft.com/,fe2cr.update.microsoft.com,ranked-high-usage,1826,true
ranked-0000177,https://metric.gstatic.com/,metric.gstatic.com,ranked-high-usage,1825,true
ranked-0000178,https://aa-rt.sharepoint.com/,aa-rt.sharepoint.com,ranked-high-usage,1824,true
ranked-0000179,https://flightproxy.teams.microsoft.com/,flightproxy.teams.microsoft.com,ranked-high-usage,1823,true
ranked-0000180,https://augloop.svc.cloud.microsoft/,augloop.svc.cloud.microsoft,ranked-high-usage,1822,true
ranked-0000181,https://fbcdn.net/,fbcdn.net,ranked-high-usage,1821,true
ranked-0000182,https://opendns.com/,opendns.com,ranked-high-usage,1820,true
ranked-0000183,https://prod.mos.microsoft.com/,prod.mos.microsoft.com,ranked-high-usage,1819,true
ranked-0000184,https://titles.prod.mos.microsoft.com/,titles.prod.mos.microsoft.com,ranked-high-usage,1818,true
ranked-0000185,https://us-mobile.events.data.microsoft.com/,us-mobile.events.data.microsoft.com,ranked-high-usage,1817,true
ranked-0000186,https://sls.update.microsoft.com/,sls.update.microsoft.com,ranked-high-usage,1816,true
ranked-0000187,https://gcp.gvt2.com/,gcp.gvt2.com,ranked-high-usage,1815,true
ranked-0000188,https://fe2.apple-dns.net/,fe2.apple-dns.net,ranked-high-usage,1814,true
ranked-0000189,https://microsoft.com/,microsoft.com,ranked-high-usage,1813,true
ranked-0000190,https://aquila.it/,aquila.it,ranked-high-usage,1812,true
ranked-0000191,https://ocsp2.apple.com/,ocsp2.apple.com,ranked-high-usage,1811,true
ranked-0000192,https://beacons.gcp.gvt2.com/,beacons.gcp.gvt2.com,ranked-high-usage,1810,true
ranked-0000193,https://apis.google.com/,apis.google.com,ranked-high-usage,1809,true
ranked-0000194,https://m365cdn.nel.measure.office.net/,m365cdn.nel.measure.office.net,ranked-high-usage,1808,true
ranked-0000195,https://tas02.sls.update.microsoft.com/,tas02.sls.update.microsoft.com,ranked-high-usage,1807,true
ranked-0000196,https://img-s-msn-com.akamaized.net/,img-s-msn-com.akamaized.net,ranked-high-usage,1806,true
ranked-0000197,https://scorecardresearch.com/,scorecardresearch.com,ranked-high-usage,1805,true
ranked-0000198,https://storage.live.com/,storage.live.com,ranked-high-usage,1804,true
ranked-0000199,https://augloop.office.com/,augloop.office.com,ranked-high-usage,1803,true
ranked-0000200,https://measure.office.com/,measure.office.com,ranked-high-usage,1802,true
ranked-0000201,https://global.aa-rt.sharepoint.com/,global.aa-rt.sharepoint.com,ranked-high-usage,1801,true
ranked-0000202,https://fp.measure.office.com/,fp.measure.office.com,ranked-high-usage,1800,true
ranked-0000203,https://gr.global.aa-rt.sharepoint.com/,gr.global.aa-rt.sharepoint.com,ranked-high-usage,1799,true
ranked-0000204,https://roaming.svc.cloud.microsoft/,roaming.svc.cloud.microsoft,ranked-high-usage,1798,true
ranked-0000205,https://outlook.cloud.microsoft/,outlook.cloud.microsoft,ranked-high-usage,1797,true
ranked-0000206,https://download.windowsupdate.com/,download.windowsupdate.com,ranked-high-usage,1796,true
ranked-0000207,https://lencr.org/,lencr.org,ranked-high-usage,1795,true
ranked-0000208,https://itunes-apple.com.akadns.net/,itunes-apple.com.akadns.net,ranked-high-usage,1794,true
ranked-0000209,https://storage.googleapis.com/,storage.googleapis.com,ranked-high-usage,1793,true
ranked-0000210,https://displaycatalog.mp.microsoft.com/,displaycatalog.mp.microsoft.com,ranked-high-usage,1792,true
ranked-0000211,https://c.bing.com/,c.bing.com,ranked-high-usage,1791,true
ranked-0000212,https://b.tlu.dl.delivery.mp.microsoft.com/,b.tlu.dl.delivery.mp.microsoft.com,ranked-high-usage,1790,true
ranked-0000213,https://msedge.b.tlu.dl.delivery.mp.microsoft.com/,msedge.b.tlu.dl.delivery.mp.microsoft.com,ranked-high-usage,1789,true
ranked-0000214,https://whatsapp.net/,whatsapp.net,ranked-high-usage,1788,true
ranked-0000215,https://cdn-apple.com/,cdn-apple.com,ranked-high-usage,1787,true
ranked-0000216,https://mask.apple-dns.net/,mask.apple-dns.net,ranked-high-usage,1786,true
ranked-0000217,https://app-measurement.com/,app-measurement.com,ranked-high-usage,1785,true
ranked-0000218,https://r.manage.microsoft.com/,r.manage.microsoft.com,ranked-high-usage,1784,true
ranked-0000219,https://facebook.net/,facebook.net,ranked-high-usage,1783,true
ranked-0000220,https://v.aaplimg.com/,v.aaplimg.com,ranked-high-usage,1782,true
ranked-0000221,https://connect.facebook.net/,connect.facebook.net,ranked-high-usage,1781,true
ranked-0000222,https://m365.cloud.microsoft/,m365.cloud.microsoft,ranked-high-usage,1780,true
ranked-0000223,https://c.lencr.org/,c.lencr.org,ranked-high-usage,1779,true
ranked-0000224,https://wns.windows.com/,wns.windows.com,ranked-high-usage,1778,true
ranked-0000225,https://res-1.cdn.office.net/,res-1.cdn.office.net,ranked-high-usage,1777,true
ranked-0000226,https://v10.events.data.microsoft.com/,v10.events.data.microsoft.com,ranked-high-usage,1776,true
ranked-0000227,https://amazon.com/,amazon.com,ranked-high-usage,1775,true
ranked-0000228,https://gateway.icloud.com/,gateway.icloud.com,ranked-high-usage,1774,true
ranked-0000229,https://aria.microsoft.com/,aria.microsoft.com,ranked-high-usage,1773,true
ranked-0000230,https://pipe.aria.microsoft.com/,pipe.aria.microsoft.com,ranked-high-usage,1772,true
ranked-0000231,https://resources.office.net/,resources.office.net,ranked-high-usage,1771,true
ranked-0000232,https://dm.microsoft.com/,dm.microsoft.com,ranked-high-usage,1770,true
ranked-0000233,https://msedge.net/,msedge.net,ranked-high-usage,1769,true
ranked-0000234,https://gsp-ssl.ls.apple.com/,gsp-ssl.ls.apple.com,ranked-high-usage,1768,true
ranked-0000235,https://v20.events.data.microsoft.com/,v20.events.data.microsoft.com,ranked-high-usage,1767,true
ranked-0000236,https://checkin.dm.microsoft.com/,checkin.dm.microsoft.com,ranked-high-usage,1766,true
ranked-0000237,https://api.flightproxy.teams.microsoft.com/,api.flightproxy.teams.microsoft.com,ranked-high-usage,1765,true
ranked-0000238,https://tpc.googlesyndication.com/,tpc.googlesyndication.com,ranked-high-usage,1764,true
ranked-0000239,https://go.trouter.teams.microsoft.com/,go.trouter.teams.microsoft.com,ranked-high-usage,1763,true
ranked-0000240,https://backend-capital.com/,backend-capital.com,ranked-high-usage,1762,true
ranked-0000241,https://protection.outlook.com/,protection.outlook.com,ranked-high-usage,1761,true
ranked-0000242,https://graph.facebook.com/,graph.facebook.com,ranked-high-usage,1760,true
ranked-0000243,https://sb.scorecardresearch.com/,sb.scorecardresearch.com,ranked-high-usage,1759,true
ranked-0000244,https://storeedge.microsoft.com/,storeedge.microsoft.com,ranked-high-usage,1758,true
ranked-0000245,https://recent.svc.cloud.microsoft/,recent.svc.cloud.microsoft,ranked-high-usage,1757,true
ranked-0000246,https://tesvtmng2dev.ezviz7.com/,tesvtmng2dev.ezviz7.com,ranked-high-usage,1756,true
ranked-0000247,https://resolver.arpa/,resolver.arpa,ranked-high-usage,1755,true
ranked-0000248,https://_dns.resolver.arpa/,_dns.resolver.arpa,ranked-high-usage,1754,true
ranked-0000249,https://exo.nel.measure.office.net/,exo.nel.measure.office.net,ranked-high-usage,1753,true
ranked-0000250,https://ogs.google.com/,ogs.google.com,ranked-high-usage,1752,true
ranked-0000251,https://instagram.com/,instagram.com,ranked-high-usage,1751,true
ranked-0000252,https://skydrive.wns.windows.com/,skydrive.wns.windows.com,ranked-high-usage,1750,true
ranked-0000253,https://ls-apple.com.akadns.net/,ls-apple.com.akadns.net,ranked-high-usage,1749,true
ranked-0000254,https://storequality.microsoft.com/,storequality.microsoft.com,ranked-high-usage,1748,true
ranked-0000255,https://storecatalogrevocation.storequality.microsoft.com/,storecatalogrevocation.storequality.microsoft.com,ranked-high-usage,1747,true
ranked-0000256,https://x1.c.lencr.org/,x1.c.lencr.org,ranked-high-usage,1746,true
ranked-0000257,https://safebrowsing.google.com/,safebrowsing.google.com,ranked-high-usage,1745,true
ranked-0000258,https://dotaplabs.net/,dotaplabs.net,ranked-high-usage,1744,true
ranked-0000259,https://us-v10c.events.data.microsoft.com/,us-v10c.events.data.microsoft.com,ranked-high-usage,1743,true
ranked-0000260,https://geover.prod.do.dsp.mp.microsoft.com/,geover.prod.do.dsp.mp.microsoft.com,ranked-high-usage,1742,true
ranked-0000261,https://googlevideo.com/,googlevideo.com,ranked-high-usage,1741,true
ranked-0000262,https://safelinks.protection.outlook.com/,safelinks.protection.outlook.com,ranked-high-usage,1740,true
ranked-0000263,https://virginm.net/,virginm.net,ranked-high-usage,1739,true
ranked-0000264,https://cable.virginm.net/,cable.virginm.net,ranked-high-usage,1738,true
ranked-0000265,https://upload.fp.measure.office.com/,upload.fp.measure.office.com,ranked-high-usage,1737,true
ranked-0000266,https://nel.cloudflare.com/,nel.cloudflare.com,ranked-high-usage,1736,true
ranked-0000267,https://a.nel.cloudflare.com/,a.nel.cloudflare.com,ranked-high-usage,1735,true
ranked-0000268,https://adobedtm.com/,adobedtm.com,ranked-high-usage,1734,true
ranked-0000269,https://assets.adobedtm.com/,assets.adobedtm.com,ranked-high-usage,1733,true
ranked-0000270,https://yahoo.com/,yahoo.com,ranked-high-usage,1732,true
ranked-0000271,https://clients3.google.com/,clients3.google.com,ranked-high-usage,1731,true
ranked-0000272,https://linkedin.com/,linkedin.com,ranked-high-usage,1730,true
ranked-0000273,https://adnxs.com/,adnxs.com,ranked-high-usage,1729,true
ranked-0000274,https://teams.public.onecdn.static.microsoft/,teams.public.onecdn.static.microsoft,ranked-high-usage,1728,true
ranked-0000275,https://asyncgw.teams.microsoft.com/,asyncgw.teams.microsoft.com,ranked-high-usage,1727,true
ranked-0000276,https://turbo.microsoft.com/,turbo.microsoft.com,ranked-high-usage,1726,true
ranked-0000277,https://jsdelivr.net/,jsdelivr.net,ranked-high-usage,1725,true
ranked-0000278,https://relay.teams.cloud.microsoft/,relay.teams.cloud.microsoft,ranked-high-usage,1724,true
ranked-0000279,https://az.relay.teams.cloud.microsoft/,az.relay.teams.cloud.microsoft,ranked-high-usage,1723,true
ranked-0000280,https://1d.tlu.dl.delivery.mp.microsoft.com/,1d.tlu.dl.delivery.mp.microsoft.com,ranked-high-usage,1722,true
ranked-0000281,https://cdn.jsdelivr.net/,cdn.jsdelivr.net,ranked-high-usage,1721,true
ranked-0000282,https://cdnjs.cloudflare.com/,cdnjs.cloudflare.com,ranked-high-usage,1720,true
ranked-0000283,https://exp-tas.com/,exp-tas.com,ranked-high-usage,1719,true
ranked-0000284,https://default.exp-tas.com/,default.exp-tas.com,ranked-high-usage,1718,true
ranked-0000285,https://editor.svc.cloud.microsoft/,editor.svc.cloud.microsoft,ranked-high-usage,1717,true
ranked-0000286,https://bag-cdn.itunes-apple.com.akadns.net/,bag-cdn.itunes-apple.com.akadns.net,ranked-high-usage,1716,true
ranked-0000287,https://static.doubleclick.net/,static.doubleclick.net,ranked-high-usage,1715,true
ranked-0000288,https://cisco.com/,cisco.com,ranked-high-usage,1714,true
ranked-0000289,https://api.msn.com/,api.msn.com,ranked-high-usage,1713,true
ranked-0000290,https://windows.msn.com/,windows.msn.com,ranked-high-usage,1712,true
ranked-0000291,https://msftauth.net/,msftauth.net,ranked-high-usage,1711,true
ranked-0000292,https://time.apple.com/,time.apple.com,ranked-high-usage,1710,true
ranked-0000293,https://clarity.ms/,clarity.ms,ranked-high-usage,1709,true
ranked-0000294,https://configuration.ls.apple.com/,configuration.ls.apple.com,ranked-high-usage,1708,true
ranked-0000295,https://ocsp2.g.aaplimg.com/,ocsp2.g.aaplimg.com,ranked-high-usage,1707,true
ranked-0000296,https://ntp.org/,ntp.org,ranked-high-usage,1706,true
ranked-0000297,https://mesu.apple.com/,mesu.apple.com,ranked-high-usage,1705,true
ranked-0000298,https://pool.ntp.org/,pool.ntp.org,ranked-high-usage,1704,true
ranked-0000299,https://captive.apple.com/,captive.apple.com,ranked-high-usage,1703,true
ranked-0000300,https://us-v20.events.data.microsoft.com/,us-v20.events.data.microsoft.com,ranked-high-usage,1702,true
ranked-0000301,https://cloudflareinsights.com/,cloudflareinsights.com,ranked-high-usage,1701,true
ranked-0000302,https://static.cloudflareinsights.com/,static.cloudflareinsights.com,ranked-high-usage,1700,true
ranked-0000303,https://l.google.com/,l.google.com,ranked-high-usage,1699,true
ranked-0000304,https://lh3.google.com/,lh3.google.com,ranked-high-usage,1698,true
ranked-0000305,https://fs.microsoft.com/,fs.microsoft.com,ranked-high-usage,1697,true
ranked-0000306,https://msn.com/,msn.com,ranked-high-usage,1696,true
ranked-0000307,https://skybridge.click/,skybridge.click,ranked-high-usage,1695,true
ranked-0000308,https://auth.skybridge.click/,auth.skybridge.click,ranked-high-usage,1694,true
ranked-0000309,https://edge-consumer-static.azureedge.net/,edge-consumer-static.azureedge.net,ranked-high-usage,1693,true
ranked-0000310,https://enterprise.activity.windows.com/,enterprise.activity.windows.com,ranked-high-usage,1692,true
ranked-0000311,https://adobe.io/,adobe.io,ranked-high-usage,1691,true
ranked-0000312,https://msftncsi.com/,msftncsi.com,ranked-high-usage,1690,true
ranked-0000313,https://cloudmessaging.edge.microsoft.com/,cloudmessaging.edge.microsoft.com,ranked-high-usage,1689,true
ranked-0000314,https://access-point.cloudmessaging.edge.microsoft.com/,access-point.cloudmessaging.edge.microsoft.com,ranked-high-usage,1688,true
ranked-0000315,https://demdex.net/,demdex.net,ranked-high-usage,1687,true
ranked-0000316,https://gdmf.apple.com/,gdmf.apple.com,ranked-high-usage,1686,true
ranked-0000317,https://amazon-adsystem.com/,amazon-adsystem.com,ranked-high-usage,1685,true
ranked-0000318,https://gateway.fe2.apple-dns.net/,gateway.fe2.apple-dns.net,ranked-high-usage,1684,true
ranked-0000319,https://teams.cdn.office.net/,teams.cdn.office.net,ranked-high-usage,1683,true
ranked-0000320,https://armmf.adobe.com/,armmf.adobe.com,ranked-high-usage,1682,true
ranked-0000321,https://smoot.apple.com/,smoot.apple.com,ranked-high-usage,1681,true
ranked-0000322,https://slscr.update.microsoft.com/,slscr.update.microsoft.com,ranked-high-usage,1680,true
ranked-0000323,https://mzstatic.com/,mzstatic.com,ranked-high-usage,1679,true
ranked-0000324,https://cc.skype.com/,cc.skype.com,ranked-high-usage,1678,true
ranked-0000325,https://engagement.office.com/,engagement.office.com,ranked-high-usage,1677,true
ranked-0000326,https://statics.teams.cdn.office.net/,statics.teams.cdn.office.net,ranked-high-usage,1676,true
ranked-0000327,https://messaging.engagement.office.com/,messaging.engagement.office.com,ranked-high-usage,1675,true
ranked-0000328,https://asm.skype.com/,asm.skype.com,ranked-high-usage,1674,true
ranked-0000329,https://supertms.com/,supertms.com,ranked-high-usage,1673,true
ranked-0000330,https://waa-pa.clients6.google.com/,waa-pa.clients6.google.com,ranked-high-usage,1672,true
ranked-0000331,https://encrypted-tbn2.gstatic.com/,encrypted-tbn2.gstatic.com,ranked-high-usage,1671,true
ranked-0000332,https://gs-loc.apple.com/,gs-loc.apple.com,ranked-high-usage,1670,true
ranked-0000333,https://suite.office.com/,suite.office.com,ranked-high-usage,1669,true
ranked-0000334,https://webshell.suite.office.com/,webshell.suite.office.com,ranked-high-usage,1668,true
ranked-0000335,https://ess.apple.com/,ess.apple.com,ranked-high-usage,1667,true
ranked-0000336,https://browser.pipe.aria.microsoft.com/,browser.pipe.aria.microsoft.com,ranked-high-usage,1666,true
ranked-0000337,https://xp.apple.com/,xp.apple.com,ranked-high-usage,1665,true
ranked-0000338,https://cloudapp.azure.com/,cloudapp.azure.com,ranked-high-usage,1664,true
ranked-0000339,https://accountcapabilities-pa.googleapis.com/,accountcapabilities-pa.googleapis.com,ranked-high-usage,1663,true
ranked-0000340,https://b02.azurefd.net/,b02.azurefd.net,ranked-high-usage,1662,true
ranked-0000341,https://cm.g.doubleclick.net/,cm.g.doubleclick.net,ranked-high-usage,1661,true
ranked-0000342,https://chromewebstore.googleapis.com/,chromewebstore.googleapis.com,ranked-high-usage,1660,true
ranked-0000343,https://app-analytics-services.com/,app-analytics-services.com,ranked-high-usage,1659,true
ranked-0000344,https://mail.google.com/,mail.google.com,ranked-high-usage,1658,true
ranked-0000345,https://mask-api.icloud.com/,mask-api.icloud.com,ranked-high-usage,1657,true
ranked-0000346,https://google.fastly-edge.com/,google.fastly-edge.com,ranked-high-usage,1656,true
ranked-0000347,https://csp.withgoogle.com/,csp.withgoogle.com,ranked-high-usage,1655,true
ranked-0000348,https://jnn-pa.googleapis.com/,jnn-pa.googleapis.com,ranked-high-usage,1654,true
ranked-0000349,https://roaming.officeapps.live.com/,roaming.officeapps.live.com,ranked-high-usage,1653,true
ranked-0000350,https://init.push.apple.com/,init.push.apple.com,ranked-high-usage,1652,true
ranked-0000351,https://adsrvr.org/,adsrvr.org,ranked-high-usage,1651,true
ranked-0000352,https://securepubads.g.doubleclick.net/,securepubads.g.doubleclick.net,ranked-high-usage,1650,true
ranked-0000353,https://dns.msftncsi.com/,dns.msftncsi.com,ranked-high-usage,1649,true
ranked-0000354,https://e2ro.com/,e2ro.com,ranked-high-usage,1648,true
ranked-0000355,https://docs.google.com/,docs.google.com,ranked-high-usage,1647,true
ranked-0000356,https://pancake.apple.com/,pancake.apple.com,ranked-high-usage,1646,true
ranked-0000357,https://encrypted-tbn1.gstatic.com/,encrypted-tbn1.gstatic.com,ranked-high-usage,1645,true
ranked-0000358,https://us-west-2.amazonaws.com/,us-west-2.amazonaws.com,ranked-high-usage,1644,true
ranked-0000359,https://relay.teams.microsoft.com/,relay.teams.microsoft.com,ranked-high-usage,1643,true
ranked-0000360,https://gspe79-ssl.ls.apple.com/,gspe79-ssl.ls.apple.com,ranked-high-usage,1642,true
ranked-0000361,https://encrypted-tbn3.gstatic.com/,encrypted-tbn3.gstatic.com,ranked-high-usage,1641,true
ranked-0000362,https://configuration.apple.com/,configuration.apple.com,ranked-high-usage,1640,true
ranked-0000363,https://ggpht.com/,ggpht.com,ranked-high-usage,1639,true
ranked-0000364,https://node.e2ro.com/,node.e2ro.com,ranked-high-usage,1638,true
ranked-0000365,https://criteo.com/,criteo.com,ranked-high-usage,1637,true
ranked-0000366,https://ingest.sentry.io/,ingest.sentry.io,ranked-high-usage,1636,true
ranked-0000367,https://xx.fbcdn.net/,xx.fbcdn.net,ranked-high-usage,1635,true
ranked-0000368,https://live.net/,live.net,ranked-high-usage,1634,true
ranked-0000369,https://yt3.ggpht.com/,yt3.ggpht.com,ranked-high-usage,1633,true
ranked-0000370,https://gspe1-ssl.ls.apple.com/,gspe1-ssl.ls.apple.com,ranked-high-usage,1632,true
ranked-0000371,https://dpm.demdex.net/,dpm.demdex.net,ranked-high-usage,1631,true
ranked-0000372,https://time.windows.com/,time.windows.com,ranked-high-usage,1630,true
ranked-0000373,https://ads.linkedin.com/,ads.linkedin.com,ranked-high-usage,1629,true
ranked-0000374,https://clarity.ms/,clarity.ms,ranked-high-usage,1628,true
ranked-0000375,https://pubmatic.com/,pubmatic.com,ranked-high-usage,1627,true
ranked-0000376,https://ib.adnxs.com/,ib.adnxs.com,ranked-high-usage,1626,true
ranked-0000377,https://px.ads.linkedin.com/,px.ads.linkedin.com,ranked-high-usage,1625,true
ranked-0000378,https://opera.com/,opera.com,ranked-high-usage,1624,true
ranked-0000379,https://nr-data.net/,nr-data.net,ranked-high-usage,1623,true
ranked-0000380,https://ts.cdn.office.net/,ts.cdn.office.net,ranked-high-usage,1622,true
ranked-0000381,https://passwordsleakcheck-pa.googleapis.com/,passwordsleakcheck-pa.googleapis.com,ranked-high-usage,1621,true
ranked-0000382,https://c2r.ts.cdn.office.net/,c2r.ts.cdn.office.net,ranked-high-usage,1620,true
ranked-0000383,https://connectivity-test.static.microsoft/,connectivity-test.static.microsoft,ranked-high-usage,1619,true
ranked-0000384,https://f.c2r.ts.cdn.office.net/,f.c2r.ts.cdn.office.net,ranked-high-usage,1618,true
ranked-0000385,https://rubiconproject.com/,rubiconproject.com,ranked-high-usage,1617,true
ranked-0000386,https://signaler-pa.clients6.google.com/,signaler-pa.clients6.google.com,ranked-high-usage,1616,true
ranked-0000387,https://gspe35-ssl.ls.apple.com/,gspe35-ssl.ls.apple.com,ranked-high-usage,1615,true
ranked-0000388,https://m.google.com/,m.google.com,ranked-high-usage,1614,true
ranked-0000389,https://yr.c.lencr.org/,yr.c.lencr.org,ranked-high-usage,1613,true
ranked-0000390,https://get-bx.g.aaplimg.com/,get-bx.g.aaplimg.com,ranked-high-usage,1612,true
ranked-0000391,https://dsce9.akamaiedge.net/,dsce9.akamaiedge.net,ranked-high-usage,1611,true
ranked-0000392,https://appsflyersdk.com/,appsflyersdk.com,ranked-high-usage,1610,true
ranked-0000393,https://edge-mqtt.facebook.com/,edge-mqtt.facebook.com,ranked-high-usage,1609,true
ranked-0000394,https://svc.ms/,svc.ms,ranked-high-usage,1608,true
ranked-0000395,https://apple.map.fastly.net/,apple.map.fastly.net,ranked-high-usage,1607,true
ranked-0000396,https://res.office365.com/,res.office365.com,ranked-high-usage,1606,true
ranked-0000397,https://g.whatsapp.net/,g.whatsapp.net,ranked-high-usage,1605,true
ranked-0000398,https://accounts.youtube.com/,accounts.youtube.com,ranked-high-usage,1604,true
ranked-0000399,https://apps.apple.com/,apps.apple.com,ranked-high-usage,1603,true
ranked-0000400,https://pendo.io/,pendo.io,ranked-high-usage,1602,true
ranked-0000401,https://fpinit.itunes.apple.com/,fpinit.itunes.apple.com,ranked-high-usage,1601,true
ranked-0000402,https://pushy.io/,pushy.io,ranked-high-usage,1600,true
ranked-0000403,https://taboola.com/,taboola.com,ranked-high-usage,1599,true
ranked-0000404,https://core.microsoft/,core.microsoft,ranked-high-usage,1598,true
ranked-0000405,https://r4.res.office365.com/,r4.res.office365.com,ranked-high-usage,1597,true
ranked-0000406,https://teams.nel.measure.office.net/,teams.nel.measure.office.net,ranked-high-usage,1596,true
ranked-0000407,https://cspv2.core.microsoft/,cspv2.core.microsoft,ranked-high-usage,1595,true
ranked-0000408,https://eeroup.com/,eeroup.com,ranked-high-usage,1594,true
ranked-0000409,https://msauth.net/,msauth.net,ranked-high-usage,1593,true
ranked-0000410,https://gateway.facebook.com/,gateway.facebook.com,ranked-high-usage,1592,true
ranked-0000411,https://us.sentry.io/,us.sentry.io,ranked-high-usage,1591,true
ranked-0000412,https://bam.nr-data.net/,bam.nr-data.net,ranked-high-usage,1590,true
ranked-0000413,https://ingest.us.sentry.io/,ingest.us.sentry.io,ranked-high-usage,1589,true
ranked-0000414,https://bat.bing.com/,bat.bing.com,ranked-high-usage,1588,true
ranked-0000415,https://casalemedia.com/,casalemedia.com,ranked-high-usage,1587,true
ranked-0000416,https://cloudsink.net/,cloudsink.net,ranked-high-usage,1586,true
ranked-0000417,https://cdn.whatsapp.net/,cdn.whatsapp.net,ranked-high-usage,1585,true
ranked-0000418,https://iadsdk.apple.com/,iadsdk.apple.com,ranked-high-usage,1584,true
ranked-0000419,https://gateway-world.az.relay.teams.cloud.microsoft/,gateway-world.az.relay.teams.cloud.microsoft,ranked-high-usage,1583,true
ranked-0000420,https://us-prod.asyncgw.teams.microsoft.com/,us-prod.asyncgw.teams.microsoft.com,ranked-high-usage,1582,true
ranked-0000421,https://lcdn-locator.apple.com/,lcdn-locator.apple.com,ranked-high-usage,1581,true
ranked-0000422,https://content.office.net/,content.office.net,ranked-high-usage,1580,true
ranked-0000423,https://support.content.office.net/,support.content.office.net,ranked-high-usage,1579,true
ranked-0000424,https://admin.microsoft.com/,admin.microsoft.com,ranked-high-usage,1578,true
ranked-0000425,https://au.download.windowsupdate.com/,au.download.windowsupdate.com,ranked-high-usage,1577,true
ranked-0000426,https://monitor.azure.com/,monitor.azure.com,ranked-high-usage,1576,true
ranked-0000427,https://spo.nel.measure.office.net/,spo.nel.measure.office.net,ranked-high-usage,1575,true
ranked-0000428,https://communications.svc.cloud.microsoft/,communications.svc.cloud.microsoft,ranked-high-usage,1574,true
ranked-0000429,https://go.microsoft.com/,go.microsoft.com,ranked-high-usage,1573,true
ranked-0000430,https://relcomms-prod-dagnegedescbeefs.b02.azurefd.net/,relcomms-prod-dagnegedescbeefs.b02.azurefd.net,ranked-high-usage,1572,true
ranked-0000431,https://acroipm2.adobe.com/,acroipm2.adobe.com,ranked-high-usage,1571,true
ranked-0000432,https://cc-api-data.adobe.io/,cc-api-data.adobe.io,ranked-high-usage,1570,true
ranked-0000433,https://notifications-pa.googleapis.com/,notifications-pa.googleapis.com,ranked-high-usage,1569,true
ranked-0000434,https://eu-mobile.events.data.microsoft.com/,eu-mobile.events.data.microsoft.com,ranked-high-usage,1568,true
ranked-0000435,https://cookielaw.org/,cookielaw.org,ranked-high-usage,1567,true
ranked-0000436,https://us-api.asm.skype.com/,us-api.asm.skype.com,ranked-high-usage,1566,true
ranked-0000437,https://cdn.cookielaw.org/,cdn.cookielaw.org,ranked-high-usage,1565,true
ranked-0000438,https://licdn.com/,licdn.com,ranked-high-usage,1564,true
ranked-0000439,https://location.live.net/,location.live.net,ranked-high-usage,1563,true
ranked-0000440,https://eu.dotaplabs.net/,eu.dotaplabs.net,ranked-high-usage,1562,true
ranked-0000441,https://apis.apple.map.fastly.net/,apis.apple.map.fastly.net,ranked-high-usage,1561,true
ranked-0000442,https://d9ojso6xukdhq.cloudfront.net/,d9ojso6xukdhq.cloudfront.net,ranked-high-usage,1560,true
ranked-0000443,https://origin-apple.com.akadns.net/,origin-apple.com.akadns.net,ranked-high-usage,1559,true
ranked-0000444,https://securitydomain-pa.googleapis.com/,securitydomain-pa.googleapis.com,ranked-high-usage,1558,true
ranked-0000445,https://firebaselogging-pa.googleapis.com/,firebaselogging-pa.googleapis.com,ranked-high-usage,1557,true
ranked-0000446,https://h3.apis.apple.map.fastly.net/,h3.apis.apple.map.fastly.net,ranked-high-usage,1556,true
ranked-0000447,https://test-gateway.instagram.com/,test-gateway.instagram.com,ranked-high-usage,1555,true
ranked-0000448,https://netflix.com/,netflix.com,ranked-high-usage,1554,true
ranked-0000449,https://nav-edge.smartscreen.microsoft.com/,nav-edge.smartscreen.microsoft.com,ranked-high-usage,1553,true
ranked-0000450,https://inference.location.live.net/,inference.location.live.net,ranked-high-usage,1552,true
ranked-0000451,https://iphone-ld.apple.com/,iphone-ld.apple.com,ranked-high-usage,1551,true
ranked-0000452,https://xz.fbcdn.net/,xz.fbcdn.net,ranked-high-usage,1550,true
ranked-0000453,https://trouter.communications.svc.cloud.microsoft/,trouter.communications.svc.cloud.microsoft,ranked-high-usage,1549,true
ranked-0000454,https://c10r.facebook.com/,c10r.facebook.com,ranked-high-usage,1548,true
ranked-0000455,https://googletagservices.com/,googletagservices.com,ranked-high-usage,1547,true
ranked-0000456,https://init-p01md.apple.com/,init-p01md.apple.com,ranked-high-usage,1546,true
ranked-0000457,https://rlcdn.com/,rlcdn.com,ranked-high-usage,1545,true
ranked-0000458,https://googletagservices.com/,googletagservices.com,ranked-high-usage,1544,true
ranked-0000459,https://firebaseremoteconfig.googleapis.com/,firebaseremoteconfig.googleapis.com,ranked-high-usage,1543,true
ranked-0000460,https://apple.com/,apple.com,ranked-high-usage,1542,true
ranked-0000461,https://xp.g.aaplimg.com/,xp.g.aaplimg.com,ranked-high-usage,1541,true
ranked-0000462,https://i.instagram.com/,i.instagram.com,ranked-high-usage,1540,true
ranked-0000463,https://cdninstagram.com/,cdninstagram.com,ranked-high-usage,1539,true
ranked-0000464,https://ohttp-relay-safebrowsing-chrome.google.fastly-edge.com/,ohttp-relay-safebrowsing-chrome.google.fastly-edge.com,ranked-high-usage,1538,true
ranked-0000465,https://elb.amazonaws.com/,elb.amazonaws.com,ranked-high-usage,1537,true
ranked-0000466,https://xy.fbcdn.net/,xy.fbcdn.net,ranked-high-usage,1536,true
ranked-0000467,https://aadcdn.msauth.net/,aadcdn.msauth.net,ranked-high-usage,1535,true
ranked-0000468,https://match.adsrvr.org/,match.adsrvr.org,ranked-high-usage,1534,true
ranked-0000469,https://fpc.msedge.net/,fpc.msedge.net,ranked-high-usage,1533,true
ranked-0000470,https://edge.e2ro.com/,edge.e2ro.com,ranked-high-usage,1532,true
ranked-0000471,https://m365.svc.cloud.microsoft/,m365.svc.cloud.microsoft,ranked-high-usage,1531,true
ranked-0000472,https://beacons.gvt2.com/,beacons.gvt2.com,ranked-high-usage,1530,true
ranked-0000473,https://openx.net/,openx.net,ranked-high-usage,1529,true
ranked-0000474,https://tm.svc.cloud.microsoft/,tm.svc.cloud.microsoft,ranked-high-usage,1528,true
ranked-0000475,https://worldaz.relay.teams.microsoft.com/,worldaz.relay.teams.microsoft.com,ranked-high-usage,1527,true
ranked-0000476,https://aadcdn.msftauth.net/,aadcdn.msftauth.net,ranked-high-usage,1526,true
ranked-0000477,https://snapchat.com/,snapchat.com,ranked-high-usage,1525,true
ranked-0000478,https://c.msn.com/,c.msn.com,ranked-high-usage,1524,true
ranked-0000479,https://addons-pa.clients6.google.com/,addons-pa.clients6.google.com,ranked-high-usage,1523,true
ranked-0000480,https://time.g.aaplimg.com/,time.g.aaplimg.com,ranked-high-usage,1522,true
ranked-0000481,https://autodiscover-s.outlook.com/,autodiscover-s.outlook.com,ranked-high-usage,1521,true
ranked-0000482,https://firebaseinstallations.googleapis.com/,firebaseinstallations.googleapis.com,ranked-high-usage,1520,true
ranked-0000483,https://xpaywalletcdn-prod.azureedge.net/,xpaywalletcdn-prod.azureedge.net,ranked-high-usage,1519,true
ranked-0000484,https://whatsapp.com/,whatsapp.com,ranked-high-usage,1518,true
ranked-0000485,https://srtb.msn.com/,srtb.msn.com,ranked-high-usage,1517,true
ranked-0000486,https://graph.instagram.com/,graph.instagram.com,ranked-high-usage,1516,true
ranked-0000487,https://backblazeb2.com/,backblazeb2.com,ranked-high-usage,1515,true
ranked-0000488,https://scripts.clarity.ms/,scripts.clarity.ms,ranked-high-usage,1514,true
ranked-0000489,https://nam.loki.delve.office.com/,nam.loki.delve.office.com,ranked-high-usage,1513,true
ranked-0000490,https://push-apple.com.akadns.net/,push-apple.com.akadns.net,ranked-high-usage,1512,true
ranked-0000491,https://2.connectivity-test.static.microsoft/,2.connectivity-test.static.microsoft,ranked-high-usage,1511,true
ranked-0000492,https://ye.c.lencr.org/,ye.c.lencr.org,ranked-high-usage,1510,true
ranked-0000493,https://api-noam.flightproxy.teams.microsoft.com/,api-noam.flightproxy.teams.microsoft.com,ranked-high-usage,1509,true
ranked-0000494,https://x2.c.lencr.org/,x2.c.lencr.org,ranked-high-usage,1508,true
ranked-0000495,https://com.cdn.cloudflare.net/,com.cdn.cloudflare.net,ranked-high-usage,1507,true
ranked-0000496,https://kv601.prod.do.dsp.mp.microsoft.com/,kv601.prod.do.dsp.mp.microsoft.com,ranked-high-usage,1506,true
ranked-0000497,https://tiktok.com/,tiktok.com,ranked-high-usage,1505,true
ranked-0000498,https://spotify.com/,spotify.com,ranked-high-usage,1504,true
ranked-0000499,https://singtelchina.cn/,singtelchina.cn,ranked-high-usage,1503,true
ranked-0000500,https://ipcdn.apple.com/,ipcdn.apple.com,ranked-high-usage,1502,true
ranked-0000501,https://js.monitor.azure.com/,js.monitor.azure.com,ranked-high-usage,1501,true
ranked-0000502,https://data.msn.com/,data.msn.com,ranked-high-usage,1500,true
ranked-0000503,https://events.data.msn.com/,events.data.msn.com,ranked-high-usage,1499,true
ranked-0000504,https://browser.events.data.msn.com/,browser.events.data.msn.com,ranked-high-usage,1498,true
ranked-0000505,https://clients1.google.com/,clients1.google.com,ranked-high-usage,1497,true
ranked-0000506,https://init.ess.apple.com/,init.ess.apple.com,ranked-high-usage,1496,true
ranked-0000507,https://analytics.yahoo.com/,analytics.yahoo.com,ranked-high-usage,1495,true
ranked-0000508,https://ntp.msn.com/,ntp.msn.com,ranked-high-usage,1494,true
ranked-0000509,https://3lift.com/,3lift.com,ranked-high-usage,1493,true
ranked-0000510,https://mesu-cdn.origin-apple.com.akadns.net/,mesu-cdn.origin-apple.com.akadns.net,ranked-high-usage,1492,true
ranked-0000511,https://ampproject.org/,ampproject.org,ranked-high-usage,1491,true
ranked-0000512,https://smartadserver.com/,smartadserver.com,ranked-high-usage,1490,true
ranked-0000513,https://amazontrust.com/,amazontrust.com,ranked-high-usage,1489,true
ranked-0000514,https://drive.google.com/,drive.google.com,ranked-high-usage,1488,true
ranked-0000515,https://mira.tm.svc.cloud.microsoft/,mira.tm.svc.cloud.microsoft,ranked-high-usage,1487,true
ranked-0000516,https://wps.apple.com/,wps.apple.com,ranked-high-usage,1486,true
ranked-0000517,https://nelreports.net/,nelreports.net,ranked-high-usage,1485,true
ranked-0000518,https://wd.microsoft.com/,wd.microsoft.com,ranked-high-usage,1484,true
ranked-0000519,https://fa000000125.resources.office.net/,fa000000125.resources.office.net,ranked-high-usage,1483,true
ranked-0000520,https://mss.office.com/,mss.office.com,ranked-high-usage,1482,true
ranked-0000521,https://people-pa.googleapis.com/,people-pa.googleapis.com,ranked-high-usage,1481,true
ranked-0000522,https://googlezip.net/,googlezip.net,ranked-high-usage,1480,true
ranked-0000523,https://cdn.ampproject.org/,cdn.ampproject.org,ranked-high-usage,1479,true
ranked-0000524,https://defender.microsoft.com/,defender.microsoft.com,ranked-high-usage,1478,true
ranked-0000525,https://sectigo.com/,sectigo.com,ranked-high-usage,1477,true
ranked-0000526,https://2mdn.net/,2mdn.net,ranked-high-usage,1476,true
ranked-0000527,https://1.connectivity-test.static.microsoft/,1.connectivity-test.static.microsoft,ranked-high-usage,1475,true
ranked-0000528,https://reflector.defender.microsoft.com/,reflector.defender.microsoft.com,ranked-high-usage,1474,true
ranked-0000529,https://safeframe.googlesyndication.com/,safeframe.googlesyndication.com,ranked-high-usage,1473,true
ranked-0000530,https://autopatch.microsoft.com/,autopatch.microsoft.com,ranked-high-usage,1472,true
ranked-0000531,https://typekit.net/,typekit.net,ranked-high-usage,1471,true
ranked-0000532,https://substrate.svc.cloud.microsoft/,substrate.svc.cloud.microsoft,ranked-high-usage,1470,true
ranked-0000533,https://apple.com.akadns.net/,apple.com.akadns.net,ranked-high-usage,1469,true
ranked-0000534,https://bidswitch.net/,bidswitch.net,ranked-high-usage,1468,true
ranked-0000535,https://discover-pa.googleapis.com/,discover-pa.googleapis.com,ranked-high-usage,1467,true
ranked-0000536,https://apps.mzstatic.com/,apps.mzstatic.com,ranked-high-usage,1466,true
ranked-0000537,https://peoplestack-pa.clients6.google.com/,peoplestack-pa.clients6.google.com,ranked-high-usage,1465,true
ranked-0000538,https://gum.criteo.com/,gum.criteo.com,ranked-high-usage,1464,true
ranked-0000539,https://ade.googlesyndication.com/,ade.googlesyndication.com,ranked-high-usage,1463,true
ranked-0000540,https://crashlytics.com/,crashlytics.com,ranked-high-usage,1462,true
ranked-0000541,https://usercontent.microsoft/,usercontent.microsoft,ranked-high-usage,1461,true
ranked-0000542,https://cds.apple.com/,cds.apple.com,ranked-high-usage,1460,true
ranked-0000543,https://copilot.cloud.microsoft/,copilot.cloud.microsoft,ranked-high-usage,1459,true
ranked-0000544,https://amplitude.com/,amplitude.com,ranked-high-usage,1458,true
ranked-0000545,https://fna.fbcdn.net/,fna.fbcdn.net,ranked-high-usage,1457,true
ranked-0000546,https://launchdarkly.com/,launchdarkly.com,ranked-high-usage,1456,true
ranked-0000547,https://s0.2mdn.net/,s0.2mdn.net,ranked-high-usage,1455,true
ranked-0000548,https://pubads.g.doubleclick.net/,pubads.g.doubleclick.net,ranked-high-usage,1454,true
ranked-0000549,https://cp.wd.microsoft.com/,cp.wd.microsoft.com,ranked-high-usage,1453,true
ranked-0000550,https://firebase-settings.crashlytics.com/,firebase-settings.crashlytics.com,ranked-high-usage,1452,true
ranked-0000551,https://pushnp.svc.ms/,pushnp.svc.ms,ranked-high-usage,1451,true
ranked-0000552,https://s.amazon-adsystem.com/,s.amazon-adsystem.com,ranked-high-usage,1450,true
ranked-0000553,https://api.whatsapp.net/,api.whatsapp.net,ranked-high-usage,1449,true
ranked-0000554,https://mro1cdnstorage.public.onecdn.static.microsoft/,mro1cdnstorage.public.onecdn.static.microsoft,ranked-high-usage,1448,true
ranked-0000555,https://data.pendo.io/,data.pendo.io,ranked-high-usage,1447,true
ranked-0000556,https://bag-cdn-lb.itunes-apple.com.akadns.net/,bag-cdn-lb.itunes-apple.com.akadns.net,ranked-high-usage,1446,true
ranked-0000557,https://c.amazon-adsystem.com/,c.amazon-adsystem.com,ranked-high-usage,1445,true
ranked-0000558,https://gsp64-ssl.ls.apple.com/,gsp64-ssl.ls.apple.com,ranked-high-usage,1444,true
ranked-0000559,https://graph-fallback.facebook.com/,graph-fallback.facebook.com,ranked-high-usage,1443,true
ranked-0000560,https://android.com/,android.com,ranked-high-usage,1442,true
ranked-0000561,https://csi.gstatic.com/,csi.gstatic.com,ranked-high-usage,1441,true
ranked-0000562,https://peoplestackwebexperiments-pa.clients6.google.com/,peoplestackwebexperiments-pa.clients6.google.com,ranked-high-usage,1440,true
ranked-0000563,https://inmobi.com/,inmobi.com,ranked-high-usage,1439,true
ranked-0000564,https://youtubei.googleapis.com/,youtubei.googleapis.com,ranked-high-usage,1438,true
ranked-0000565,https://x.bidswitch.net/,x.bidswitch.net,ranked-high-usage,1437,true
ranked-0000566,https://a-ring.msedge.net/,a-ring.msedge.net,ranked-high-usage,1436,true
ranked-0000567,https://gsp85-ssl.ls.apple.com/,gsp85-ssl.ls.apple.com,ranked-high-usage,1435,true
ranked-0000568,https://play-fe.googleapis.com/,play-fe.googleapis.com,ranked-high-usage,1434,true
ranked-0000569,https://fbs.smoot.apple.com/,fbs.smoot.apple.com,ranked-high-usage,1433,true
ranked-0000570,https://spo-ring.msedge.net/,spo-ring.msedge.net,ranked-high-usage,1432,true
ranked-0000571,https://teams-ring.msedge.net/,teams-ring.msedge.net,ranked-high-usage,1431,true
ranked-0000572,https://graph-next.fp.measure.office.com/,graph-next.fp.measure.office.com,ranked-high-usage,1430,true
ranked-0000573,https://wac-ring.msedge.net/,wac-ring.msedge.net,ranked-high-usage,1429,true
ranked-0000574,https://agentsnfb1.manage.microsoft.com/,agentsnfb1.manage.microsoft.com,ranked-high-usage,1428,true
ranked-0000575,https://agentsnfbsec.manage.microsoft.com/,agentsnfbsec.manage.microsoft.com,ranked-high-usage,1427,true
ranked-0000576,https://use.typekit.net/,use.typekit.net,ranked-high-usage,1426,true
ranked-0000577,https://dual-s-ring.msedge.net/,dual-s-ring.msedge.net,ranked-high-usage,1425,true
ranked-0000578,https://media.net/,media.net,ranked-high-usage,1424,true
ranked-0000579,https://dscg.akamaiedge.net/,dscg.akamaiedge.net,ranked-high-usage,1423,true
ranked-0000580,https://agentsnpri.manage.microsoft.com/,agentsnpri.manage.microsoft.com,ranked-high-usage,1422,true
ranked-0000581,https://umbrella.com/,umbrella.com,ranked-high-usage,1421,true
ranked-0000582,https://doubleverify.com/,doubleverify.com,ranked-high-usage,1420,true
ranked-0000583,https://maps.googleapis.com/,maps.googleapis.com,ranked-high-usage,1419,true
ranked-0000584,https://aepxlg.adobe.com/,aepxlg.adobe.com,ranked-high-usage,1418,true
ranked-0000585,https://agentsnprim.manage.microsoft.com/,agentsnprim.manage.microsoft.com,ranked-high-usage,1417,true
ranked-0000586,https://pcms.apple.com/,pcms.apple.com,ranked-high-usage,1416,true
ranked-0000587,https://tunnel.googlezip.net/,tunnel.googlezip.net,ranked-high-usage,1415,true
ranked-0000588,https://mercaripost.tesvtmng2dev.ezviz7.com/,mercaripost.tesvtmng2dev.ezviz7.com,ranked-high-usage,1414,true
ranked-0000589,https://clients2.googleusercontent.com/,clients2.googleusercontent.com,ranked-high-usage,1413,true
ranked-0000590,https://agentsnfb2.manage.microsoft.com/,agentsnfb2.manage.microsoft.com,ranked-high-usage,1412,true
ranked-0000591,https://kv801.prod.do.dsp.mp.microsoft.com/,kv801.prod.do.dsp.mp.microsoft.com,ranked-high-usage,1411,true
ranked-0000592,https://eb2.3lift.com/,eb2.3lift.com,ranked-high-usage,1410,true
ranked-0000593,https://id5-sync.com/,id5-sync.com,ranked-high-usage,1409,true
ranked-0000594,https://services.autopatch.microsoft.com/,services.autopatch.microsoft.com,ranked-high-usage,1408,true
ranked-0000595,https://a2z.com/,a2z.com,ranked-high-usage,1407,true
ranked-0000596,https://adsafeprotected.com/,adsafeprotected.com,ranked-high-usage,1406,true
ranked-0000597,https://pixel.rubiconproject.com/,pixel.rubiconproject.com,ranked-high-usage,1405,true
ranked-0000598,https://cl3.apple.com/,cl3.apple.com,ranked-high-usage,1404,true
ranked-0000599,https://cp601.prod.do.dsp.mp.microsoft.com/,cp601.prod.do.dsp.mp.microsoft.com,ranked-high-usage,1403,true
ranked-0000600,https://setup.icloud.com/,setup.icloud.com,ranked-high-usage,1402,true
ranked-0000601,https://nflxso.net/,nflxso.net,ranked-high-usage,1401,true
ranked-0000602,https://ups.analytics.yahoo.com/,ups.analytics.yahoo.com,ranked-high-usage,1400,true
ranked-0000603,https://kv501.prod.do.dsp.mp.microsoft.com/,kv501.prod.do.dsp.mp.microsoft.com,ranked-high-usage,1399,true
ranked-0000604,https://outbrain.com/,outbrain.com,ranked-high-usage,1398,true
ranked-0000605,https://ajax.googleapis.com/,ajax.googleapis.com,ranked-high-usage,1397,true
ranked-0000606,https://gs-loc.ls-apple.com.akadns.net/,gs-loc.ls-apple.com.akadns.net,ranked-high-usage,1396,true
ranked-0000607,https://safebrowsing.apple/,safebrowsing.apple,ranked-high-usage,1395,true
ranked-0000608,https://spov-ring-fallback.msedge.net/,spov-ring-fallback.msedge.net,ranked-high-usage,1394,true
ranked-0000609,https://config.fp.measure.office.com/,config.fp.measure.office.com,ranked-high-usage,1393,true
ranked-0000610,https://connectivity-test.usercontent.microsoft/,connectivity-test.usercontent.microsoft,ranked-high-usage,1392,true
ranked-0000611,https://dual-s-ring-fallback.msedge.net/,dual-s-ring-fallback.msedge.net,ranked-high-usage,1391,true
ranked-0000612,https://wac-ring-fallback.msedge.net/,wac-ring-fallback.msedge.net,ranked-high-usage,1390,true
ranked-0000613,https://i-fallback.instagram.com/,i-fallback.instagram.com,ranked-high-usage,1389,true
ranked-0000614,https://sandbox.itunes.apple.com/,sandbox.itunes.apple.com,ranked-high-usage,1388,true
ranked-0000615,https://teams-ring-fallback.msedge.net/,teams-ring-fallback.msedge.net,ranked-high-usage,1387,true
ranked-0000616,https://stackadapt.com/,stackadapt.com,ranked-high-usage,1386,true
ranked-0000617,https://connectivity-test.cloud.microsoft/,connectivity-test.cloud.microsoft,ranked-high-usage,1385,true
ranked-0000618,https://tapad.com/,tapad.com,ranked-high-usage,1384,true
ranked-0000619,https://srv.stackadapt.com/,srv.stackadapt.com,ranked-high-usage,1383,true
ranked-0000620,https://telephony.goog/,telephony.goog,ranked-high-usage,1382,true
ranked-0000621,https://imasdk.googleapis.com/,imasdk.googleapis.com,ranked-high-usage,1381,true
ranked-0000622,https://dotomi.com/,dotomi.com,ranked-high-usage,1380,true
ranked-0000623,https://onetrust.com/,onetrust.com,ranked-high-usage,1379,true
ranked-0000624,https://gspe79-cdn.g.aaplimg.com/,gspe79-cdn.g.aaplimg.com,ranked-high-usage,1378,true
ranked-0000625,https://identity.nel.measure.office.net/,identity.nel.measure.office.net,ranked-high-usage,1377,true
ranked-0000626,https://r.bing.com/,r.bing.com,ranked-high-usage,1376,true
ranked-0000627,https://cdn.pendo.io/,cdn.pendo.io,ranked-high-usage,1375,true
ranked-0000628,https://tr-ssc-mira.office.com/,tr-ssc-mira.office.com,ranked-high-usage,1374,true
ranked-0000629,https://rcs.telephony.goog/,rcs.telephony.goog,ranked-high-usage,1373,true
ranked-0000630,https://mzstorekit.itunes.apple.com/,mzstorekit.itunes.apple.com,ranked-high-usage,1372,true
ranked-0000631,https://tiktokv.com/,tiktokv.com,ranked-high-usage,1371,true
ranked-0000632,https://z-m-gateway.facebook.com/,z-m-gateway.facebook.com,ranked-high-usage,1370,true
ranked-0000633,https://agkn.com/,agkn.com,ranked-high-usage,1369,true
ranked-0000634,https://creativecdn.com/,creativecdn.com,ranked-high-usage,1368,true
ranked-0000635,https://doh.opendns.com/,doh.opendns.com,ranked-high-usage,1367,true
ranked-0000636,https://doh.umbrella.com/,doh.umbrella.com,ranked-high-usage,1366,true
ranked-0000637,https://outlook.mira.tm.svc.cloud.microsoft/,outlook.mira.tm.svc.cloud.microsoft,ranked-high-usage,1365,true
ranked-0000638,https://contacts.google.com/,contacts.google.com,ranked-high-usage,1364,true
ranked-0000639,https://ipv4probe.office.com/,ipv4probe.office.com,ranked-high-usage,1363,true
ranked-0000640,https://scontent.xx.fbcdn.net/,scontent.xx.fbcdn.net,ranked-high-usage,1362,true
ranked-0000641,https://kt-prod.ess.apple.com/,kt-prod.ess.apple.com,ranked-high-usage,1361,true
ranked-0000642,https://ocsp.sectigo.com/,ocsp.sectigo.com,ranked-high-usage,1360,true
ranked-0000643,https://init.itunes.apple.com/,init.itunes.apple.com,ranked-high-usage,1359,true
ranked-0000644,https://configuration-lb.ls-apple.com.akadns.net/,configuration-lb.ls-apple.com.akadns.net,ranked-high-usage,1358,true
ranked-0000645,https://entitlements.itunes.apple.com/,entitlements.itunes.apple.com,ranked-high-usage,1357,true
ranked-0000646,https://amcdn.msftauth.net/,amcdn.msftauth.net,ranked-high-usage,1356,true
ranked-0000647,https://everesttech.net/,everesttech.net,ranked-high-usage,1355,true
ranked-0000648,https://com.edgekey.net/,com.edgekey.net,ranked-high-usage,1354,true
ranked-0000649,https://android.googleapis.com/,android.googleapis.com,ranked-high-usage,1353,true
ranked-0000650,https://amp-api-edge.apps.apple.com/,amp-api-edge.apps.apple.com,ranked-high-usage,1352,true
ranked-0000651,https://apple-native-relay.apple.com/,apple-native-relay.apple.com,ranked-high-usage,1351,true
ranked-0000652,https://icloud-content.com/,icloud-content.com,ranked-high-usage,1350,true
ranked-0000653,https://ci3.googleusercontent.com/,ci3.googleusercontent.com,ranked-high-usage,1349,true
ranked-0000654,https://appsgrowthpromo-pa.clients6.google.com/,appsgrowthpromo-pa.clients6.google.com,ranked-high-usage,1348,true
ranked-0000655,https://na01.safelinks.protection.outlook.com/,na01.safelinks.protection.outlook.com,ranked-high-usage,1347,true
ranked-0000656,https://crwdcntrl.net/,crwdcntrl.net,ranked-high-usage,1346,true
ranked-0000657,https://p13n.adobe.io/,p13n.adobe.io,ranked-high-usage,1345,true
ranked-0000658,https://aps.amazon-adsystem.com/,aps.amazon-adsystem.com,ranked-high-usage,1344,true
ranked-0000659,https://gsa.apple.com/,gsa.apple.com,ranked-high-usage,1343,true
ranked-0000660,https://amazon.dev/,amazon.dev,ranked-high-usage,1342,true
ranked-0000661,https://360yield.com/,360yield.com,ranked-high-usage,1341,true
ranked-0000662,https://attachments.office.net/,attachments.office.net,ranked-high-usage,1340,true
ranked-0000663,https://eastus.cloudapp.azure.com/,eastus.cloudapp.azure.com,ranked-high-usage,1339,true
ranked-0000664,https://analytics.tiktok.com/,analytics.tiktok.com,ranked-high-usage,1338,true
ranked-0000665,https://1rx.io/,1rx.io,ranked-high-usage,1337,true
ranked-0000666,https://prod-lt-playstoregatewayadapter-pa.googleapis.com/,prod-lt-playstoregatewayadapter-pa.googleapis.com,ranked-high-usage,1336,true
ranked-0000667,https://configuration.g.aaplimg.com/,configuration.g.aaplimg.com,ranked-high-usage,1335,true
ranked-0000668,https://h264.io/,h264.io,ranked-high-usage,1334,true
ranked-0000669,https://graph-fallback.instagram.com/,graph-fallback.instagram.com,ranked-high-usage,1333,true
ranked-0000670,https://logs.netflix.com/,logs.netflix.com,ranked-high-usage,1332,true
ranked-0000671,https://star.c10r.facebook.com/,star.c10r.facebook.com,ranked-high-usage,1331,true
ranked-0000672,https://media.h264.io/,media.h264.io,ranked-high-usage,1330,true
ranked-0000673,https://prd.media.h264.io/,prd.media.h264.io,ranked-high-usage,1329,true
ranked-0000674,https://e673.dsce9.akamaiedge.net/,e673.dsce9.akamaiedge.net,ranked-high-usage,1328,true
ranked-0000675,https://token.safebrowsing.apple/,token.safebrowsing.apple,ranked-high-usage,1327,true
ranked-0000676,https://iphone-ld.g.aaplimg.com/,iphone-ld.g.aaplimg.com,ranked-high-usage,1326,true
ranked-0000677,https://ipv6.msftconnecttest.com/,ipv6.msftconnecttest.com,ranked-high-usage,1325,true
ranked-0000678,https://swallow.apple.com/,swallow.apple.com,ranked-high-usage,1324,true
ranked-0000679,https://web.facebook.com/,web.facebook.com,ranked-high-usage,1323,true
ranked-0000680,https://insights.static.microsoft/,insights.static.microsoft,ranked-high-usage,1322,true
ranked-0000681,https://cf.prd.media.h264.io/,cf.prd.media.h264.io,ranked-high-usage,1321,true
ranked-0000682,https://drivefrontend-pa.googleapis.com/,drivefrontend-pa.googleapis.com,ranked-high-usage,1320,true
ranked-0000683,https://addin.insights.static.microsoft/,addin.insights.static.microsoft,ranked-high-usage,1319,true
ranked-0000684,https://smp-device-content.apple.com/,smp-device-content.apple.com,ranked-high-usage,1318,true
ranked-0000685,https://templates.cdn.office.net/,templates.cdn.office.net,ranked-high-usage,1317,true
ranked-0000686,https://app-site-association.cdn-apple.com/,app-site-association.cdn-apple.com,ranked-high-usage,1316,true
ranked-0000687,https://p.typekit.net/,p.typekit.net,ranked-high-usage,1315,true
ranked-0000688,https://fls.doubleclick.net/,fls.doubleclick.net,ranked-high-usage,1314,true
ranked-0000689,https://treinamentotesvtmng2dev.ezviz7.com/,treinamentotesvtmng2dev.ezviz7.com,ranked-high-usage,1313,true
ranked-0000690,https://noam.cc.skype.com/,noam.cc.skype.com,ranked-high-usage,1312,true
ranked-0000691,https://tbcache.com/,tbcache.com,ranked-high-usage,1311,true
ranked-0000692,https://nel.goog/,nel.goog,ranked-high-usage,1310,true
ranked-0000693,https://b1.nel.goog/,b1.nel.goog,ranked-high-usage,1309,true
ranked-0000694,https://amd-infra.itunes.apple.com/,amd-infra.itunes.apple.com,ranked-high-usage,1308,true
ranked-0000695,https://twitter.com/,twitter.com,ranked-high-usage,1307,true
ranked-0000696,https://pixel.tapad.com/,pixel.tapad.com,ranked-high-usage,1306,true
ranked-0000697,https://ads.pubmatic.com/,ads.pubmatic.com,ranked-high-usage,1305,true
ranked-0000698,https://device-config.pcms.apple.com/,device-config.pcms.apple.com,ranked-high-usage,1304,true
ranked-0000699,https://chatgpt.com/,chatgpt.com,ranked-high-usage,1303,true
ranked-0000700,https://unitedstates.smartscreen.microsoft.com/,unitedstates.smartscreen.microsoft.com,ranked-high-usage,1302,true
ranked-0000701,https://memex-pa.googleapis.com/,memex-pa.googleapis.com,ranked-high-usage,1301,true
ranked-0000702,https://sstats.adobe.com/,sstats.adobe.com,ranked-high-usage,1300,true
ranked-0000703,https://com.edgesuite.net/,com.edgesuite.net,ranked-high-usage,1299,true
ranked-0000704,https://pinterest.com/,pinterest.com,ranked-high-usage,1298,true
ranked-0000705,https://sync.1rx.io/,sync.1rx.io,ranked-high-usage,1297,true
ranked-0000706,https://dns-tunnel-check.googlezip.net/,dns-tunnel-check.googlezip.net,ranked-high-usage,1296,true
ranked-0000707,https://liadm.com/,liadm.com,ranked-high-usage,1295,true
ranked-0000708,https://visualstudio.com/,visualstudio.com,ranked-high-usage,1294,true
ranked-0000709,https://ftl.netflix.com/,ftl.netflix.com,ranked-high-usage,1293,true
ranked-0000710,https://newrelic.com/,newrelic.com,ranked-high-usage,1292,true
ranked-0000711,https://geller-pa.googleapis.com/,geller-pa.googleapis.com,ranked-high-usage,1291,true
ranked-0000712,https://dscw154.akamai.net/,dscw154.akamai.net,ranked-high-usage,1290,true
ranked-0000713,https://media-amazon.com/,media-amazon.com,ranked-high-usage,1289,true
ranked-0000714,https://us-u.openx.net/,us-u.openx.net,ranked-high-usage,1288,true
ranked-0000715,https://metadata.templates.cdn.office.net/,metadata.templates.cdn.office.net,ranked-high-usage,1287,true
ranked-0000716,https://weatherkit.apple.com/,weatherkit.apple.com,ranked-high-usage,1286,true
ranked-0000717,https://m365copilotapp.svc.cloud.microsoft/,m365copilotapp.svc.cloud.microsoft,ranked-high-usage,1285,true
ranked-0000718,https://cl2.apple.com/,cl2.apple.com,ranked-high-usage,1284,true
ranked-0000719,https://oauth.officeapps.live.com/,oauth.officeapps.live.com,ranked-high-usage,1283,true
ranked-0000720,https://mybluehost.me/,mybluehost.me,ranked-high-usage,1282,true
ranked-0000721,https://stun.l.google.com/,stun.l.google.com,ranked-high-usage,1281,true
ranked-0000722,https://quickconnect.to/,quickconnect.to,ranked-high-usage,1280,true
ranked-0000723,https://lijit.com/,lijit.com,ranked-high-usage,1279,true
ranked-0000724,https://online.office.com/,online.office.com,ranked-high-usage,1278,true
ranked-0000725,https://m.media-amazon.com/,m.media-amazon.com,ranked-high-usage,1277,true
ranked-0000726,https://trc.taboola.com/,trc.taboola.com,ranked-high-usage,1276,true
ranked-0000727,https://adform.net/,adform.net,ranked-high-usage,1275,true
ranked-0000728,https://prod.ftl.netflix.com/,prod.ftl.netflix.com,ranked-high-usage,1274,true
ranked-0000729,https://browser-intake-datadoghq.com/,browser-intake-datadoghq.com,ranked-high-usage,1273,true
ranked-0000730,https://mobgslb.tbcache.com/,mobgslb.tbcache.com,ranked-high-usage,1272,true
ranked-0000731,https://cp801.prod.do.dsp.mp.microsoft.com/,cp801.prod.do.dsp.mp.microsoft.com,ranked-high-usage,1271,true
ranked-0000732,https://safesearch.googleapis.com/,safesearch.googleapis.com,ranked-high-usage,1270,true
ranked-0000733,https://edge-itunes-apple.com.akadns.net/,edge-itunes-apple.com.akadns.net,ranked-high-usage,1269,true
ranked-0000734,https://fundingchoicesmessages.google.com/,fundingchoicesmessages.google.com,ranked-high-usage,1268,true
ranked-0000735,https://appcenter.ms/,appcenter.ms,ranked-high-usage,1267,true
ranked-0000736,https://quantserve.com/,quantserve.com,ranked-high-usage,1266,true
ranked-0000737,https://api.smoot.apple.com/,api.smoot.apple.com,ranked-high-usage,1265,true
ranked-0000738,https://sharepointonline.com/,sharepointonline.com,ranked-high-usage,1264,true
ranked-0000739,https://cp501.prod.do.dsp.mp.microsoft.com/,cp501.prod.do.dsp.mp.microsoft.com,ranked-high-usage,1263,true
ranked-0000740,https://openai.com/,openai.com,ranked-high-usage,1262,true
ranked-0000741,https://token.rubiconproject.com/,token.rubiconproject.com,ranked-high-usage,1261,true
ranked-0000742,https://reddit.com/,reddit.com,ranked-high-usage,1260,true
ranked-0000743,https://s.mzstatic.com/,s.mzstatic.com,ranked-high-usage,1259,true
ranked-0000744,https://play-lh.googleusercontent.com/,play-lh.googleusercontent.com,ranked-high-usage,1258,true
ranked-0000745,https://gspe19-2-ssl.ls.apple.com/,gspe19-2-ssl.ls.apple.com,ranked-high-usage,1257,true
ranked-0000746,https://df.onecdn.static.microsoft/,df.onecdn.static.microsoft,ranked-high-usage,1256,true
ranked-0000747,https://secure.adnxs.com/,secure.adnxs.com,ranked-high-usage,1255,true
ranked-0000748,https://mesu.g.aaplimg.com/,mesu.g.aaplimg.com,ranked-high-usage,1254,true
ranked-0000749,https://inbox.google.com/,inbox.google.com,ranked-high-usage,1253,true
ranked-0000750,https://archive.ph/,archive.ph,ranked-high-usage,1252,true
ranked-0000751,https://1.nflxso.net/,1.nflxso.net,ranked-high-usage,1251,true
ranked-0000752,https://bidr.io/,bidr.io,ranked-high-usage,1250,true
ranked-0000753,https://omtrdc.net/,omtrdc.net,ranked-high-usage,1249,true
ranked-0000754,https://linkedin.com/,linkedin.com,ranked-high-usage,1248,true
ranked-0000755,https://prod.bidr.io/,prod.bidr.io,ranked-high-usage,1247,true
ranked-0000756,https://geolocation.onetrust.com/,geolocation.onetrust.com,ranked-high-usage,1246,true
ranked-0000757,https://time.google.com/,time.google.com,ranked-high-usage,1245,true
ranked-0000758,https://sharethrough.com/,sharethrough.com,ranked-high-usage,1244,true
ranked-0000759,https://res.df.onecdn.static.microsoft/,res.df.onecdn.static.microsoft,ranked-high-usage,1243,true
ranked-0000760,https://rtb.openx.net/,rtb.openx.net,ranked-high-usage,1242,true
ranked-0000761,https://aa.agkn.com/,aa.agkn.com,ranked-high-usage,1241,true
ranked-0000762,https://trafficshaping.dsp.mp.microsoft.com/,trafficshaping.dsp.mp.microsoft.com,ranked-high-usage,1240,true
ranked-0000763,https://dgw.c10r.facebook.com/,dgw.c10r.facebook.com,ranked-high-usage,1239,true
ranked-0000764,https://tsfe.trafficshaping.dsp.mp.microsoft.com/,tsfe.trafficshaping.dsp.mp.microsoft.com,ranked-high-usage,1238,true
ranked-0000765,https://meetings.googleapis.com/,meetings.googleapis.com,ranked-high-usage,1237,true
ranked-0000766,https://idsync.rlcdn.com/,idsync.rlcdn.com,ranked-high-usage,1236,true
ranked-0000767,https://microsoftonline.us/,microsoftonline.us,ranked-high-usage,1235,true
ranked-0000768,https://login.microsoftonline.us/,login.microsoftonline.us,ranked-high-usage,1234,true
ranked-0000769,https://res-4.public.onecdn.static.microsoft/,res-4.public.onecdn.static.microsoft,ranked-high-usage,1233,true
ranked-0000770,https://archive.is/,archive.is,ranked-high-usage,1232,true
ranked-0000771,https://instagram.com/,instagram.com,ranked-high-usage,1231,true
ranked-0000772,https://c.clarity.ms/,c.clarity.ms,ranked-high-usage,1230,true
ranked-0000773,https://zoom.us/,zoom.us,ranked-high-usage,1229,true
ranked-0000774,https://unpkg.com/,unpkg.com,ranked-high-usage,1228,true
ranked-0000775,https://sync.srv.stackadapt.com/,sync.srv.stackadapt.com,ranked-high-usage,1227,true
ranked-0000776,https://ads.aps.amazon-adsystem.com/,ads.aps.amazon-adsystem.com,ranked-high-usage,1226,true
ranked-0000777,https://teads.tv/,teads.tv,ranked-high-usage,1225,true
ranked-0000778,https://common.online.office.com/,common.online.office.com,ranked-high-usage,1224,true
ranked-0000779,https://oauth2.googleapis.com/,oauth2.googleapis.com,ranked-high-usage,1223,true
ranked-0000780,https://globalsign.com/,globalsign.com,ranked-high-usage,1222,true
ranked-0000781,https://in.appcenter.ms/,in.appcenter.ms,ranked-high-usage,1221,true
ranked-0000782,https://prod.netflix.com/,prod.netflix.com,ranked-high-usage,1220,true
ranked-0000783,https://push.prod.netflix.com/,push.prod.netflix.com,ranked-high-usage,1219,true
ranked-0000784,https://adservice.google.com/,adservice.google.com,ranked-high-usage,1218,true
ranked-0000785,https://gsp10-ssl.apple.com/,gsp10-ssl.apple.com,ranked-high-usage,1217,true
ranked-0000786,https://googleads4.g.doubleclick.net/,googleads4.g.doubleclick.net,ranked-high-usage,1216,true
ranked-0000787,https://astrumu.io/,astrumu.io,ranked-high-usage,1215,true
ranked-0000788,https://dis.criteo.com/,dis.criteo.com,ranked-high-usage,1214,true
ranked-0000789,https://temu.com/,temu.com,ranked-high-usage,1213,true
ranked-0000790,https://lifecycle.office.net/,lifecycle.office.net,ranked-high-usage,1212,true
ranked-0000791,https://content.lifecycle.office.net/,content.lifecycle.office.net,ranked-high-usage,1211,true
ranked-0000792,https://criteo.net/,criteo.net,ranked-high-usage,1210,true
ranked-0000793,https://dit.whatsapp.net/,dit.whatsapp.net,ranked-high-usage,1209,true
ranked-0000794,https://tps.doubleverify.com/,tps.doubleverify.com,ranked-high-usage,1208,true
ranked-0000795,https://gspe19-ssl.ls.apple.com/,gspe19-ssl.ls.apple.com,ranked-high-usage,1207,true
ranked-0000796,https://android.apis.google.com/,android.apis.google.com,ranked-high-usage,1206,true
ranked-0000797,https://nist.gov/,nist.gov,ranked-high-usage,1205,true
ranked-0000798,https://appsgenaiserver-pa.clients6.google.com/,appsgenaiserver-pa.clients6.google.com,ranked-high-usage,1204,true
ranked-0000799,https://watson.events.data.microsoft.com/,watson.events.data.microsoft.com,ranked-high-usage,1203,true
ranked-0000800,https://media.apple.com/,media.apple.com,ranked-high-usage,1202,true
ranked-0000801,https://id.rlcdn.com/,id.rlcdn.com,ranked-high-usage,1201,true
ranked-0000802,https://dscb.akamaiedge.net/,dscb.akamaiedge.net,ranked-high-usage,1200,true
ranked-0000803,https://gs-loc-new.ls-apple.com.akadns.net/,gs-loc-new.ls-apple.com.akadns.net,ranked-high-usage,1199,true
ranked-0000804,https://dsum-sec.casalemedia.com/,dsum-sec.casalemedia.com,ranked-high-usage,1198,true
ranked-0000805,https://appsforoffice.microsoft.com/,appsforoffice.microsoft.com,ranked-high-usage,1197,true
ranked-0000806,https://dell.com/,dell.com,ranked-high-usage,1196,true
ranked-0000807,https://amp-api.media.apple.com/,amp-api.media.apple.com,ranked-high-usage,1195,true
ranked-0000808,https://gateway.instagram.com/,gateway.instagram.com,ranked-high-usage,1194,true
ranked-0000809,https://turn.com/,turn.com,ranked-high-usage,1193,true
ranked-0000810,https://res-2-dod.cdn.office.net/,res-2-dod.cdn.office.net,ranked-high-usage,1192,true
ranked-0000811,https://dod.cdn.office.net/,dod.cdn.office.net,ranked-high-usage,1191,true
ranked-0000812,https://cs.media.net/,cs.media.net,ranked-high-usage,1190,true
ranked-0000813,https://dsca.akamaiedge.net/,dsca.akamaiedge.net,ranked-high-usage,1189,true
ranked-0000814,https://res.dod.cdn.office.net/,res.dod.cdn.office.net,ranked-high-usage,1188,true
ranked-0000815,https://e6858.dsce9.akamaiedge.net/,e6858.dsce9.akamaiedge.net,ranked-high-usage,1187,true
ranked-0000816,https://netcraze.io/,netcraze.io,ranked-high-usage,1186,true
ranked-0000817,https://match.prod.bidr.io/,match.prod.bidr.io,ranked-high-usage,1185,true
ranked-0000818,https://licensing.m365.svc.cloud.microsoft/,licensing.m365.svc.cloud.microsoft,ranked-high-usage,1184,true
ranked-0000819,https://cl4.apple.com/,cl4.apple.com,ranked-high-usage,1183,true
ranked-0000820,https://fa000000195.resources.office.net/,fa000000195.resources.office.net,ranked-high-usage,1182,true
ranked-0000821,https://launches.appsflyersdk.com/,launches.appsflyersdk.com,ranked-high-usage,1181,true
ranked-0000822,https://cdn.doubleverify.com/,cdn.doubleverify.com,ranked-high-usage,1180,true
ranked-0000823,https://fastlane.rubiconproject.com/,fastlane.rubiconproject.com,ranked-high-usage,1179,true
ranked-0000824,https://eus.rubiconproject.com/,eus.rubiconproject.com,ranked-high-usage,1178,true
ranked-0000825,https://aks-prod-eastus.access-point.cloudmessaging.edge.microsoft.com/,aks-prod-eastus.access-point.cloudmessaging.edge.microsoft.com,ranked-high-usage,1177,true
ranked-0000826,https://chromereporting-pa.googleapis.com/,chromereporting-pa.googleapis.com,ranked-high-usage,1176,true
ranked-0000827,https://westus.cloudapp.azure.com/,westus.cloudapp.azure.com,ranked-high-usage,1175,true
ranked-0000828,https://presence.teams.microsoft.com/,presence.teams.microsoft.com,ranked-high-usage,1174,true
ranked-0000829,https://unitedstates.cp.wd.microsoft.com/,unitedstates.cp.wd.microsoft.com,ranked-high-usage,1173,true
ranked-0000830,https://bugsnag.com/,bugsnag.com,ranked-high-usage,1172,true
ranked-0000831,https://triplinkintl.com/,triplinkintl.com,ranked-high-usage,1171,true
ranked-0000832,https://ioref.io/,ioref.io,ranked-high-usage,1170,true
ranked-0000833,https://ssum-sec.casalemedia.com/,ssum-sec.casalemedia.com,ranked-high-usage,1169,true
ranked-0000834,https://mqtt.c10r.facebook.com/,mqtt.c10r.facebook.com,ranked-high-usage,1168,true
ranked-0000835,https://fallback.c10r.facebook.com/,fallback.c10r.facebook.com,ranked-high-usage,1167,true
ranked-0000836,https://juicyscore.com/,juicyscore.com,ranked-high-usage,1166,true
ranked-0000837,https://d.juicyscore.com/,d.juicyscore.com,ranked-high-usage,1165,true
ranked-0000838,https://jquery.com/,jquery.com,ranked-high-usage,1164,true
ranked-0000839,https://code.jquery.com/,code.jquery.com,ranked-high-usage,1163,true
ranked-0000840,https://taskassist-pa.googleapis.com/,taskassist-pa.googleapis.com,ranked-high-usage,1162,true
ranked-0000841,https://braze.com/,braze.com,ranked-high-usage,1161,true
ranked-0000842,https://peoplestack-pa.googleapis.com/,peoplestack-pa.googleapis.com,ranked-high-usage,1160,true
ranked-0000843,https://i.liadm.com/,i.liadm.com,ranked-high-usage,1159,true
ranked-0000844,https://disc601.prod.do.dsp.mp.microsoft.com/,disc601.prod.do.dsp.mp.microsoft.com,ranked-high-usage,1158,true
ranked-0000845,https://metrics.icloud.com/,metrics.icloud.com,ranked-high-usage,1157,true
ranked-0000846,https://is1-ssl.mzstatic.com/,is1-ssl.mzstatic.com,ranked-high-usage,1156,true
ranked-0000847,https://api.snapchat.com/,api.snapchat.com,ranked-high-usage,1155,true
ranked-0000848,https://services.visualstudio.com/,services.visualstudio.com,ranked-high-usage,1154,true
ranked-0000849,https://centralus.cloudapp.azure.com/,centralus.cloudapp.azure.com,ranked-high-usage,1153,true
ranked-0000850,https://playstoregatewayadapter-pa.googleapis.com/,playstoregatewayadapter-pa.googleapis.com,ranked-high-usage,1152,true
ranked-0000851,https://contextweb.com/,contextweb.com,ranked-high-usage,1151,true
ranked-0000852,https://translate.googleapis.com/,translate.googleapis.com,ranked-high-usage,1150,true
ranked-0000853,https://cstat.cdn-apple.com/,cstat.cdn-apple.com,ranked-high-usage,1149,true
ranked-0000854,https://dns.google/,dns.google,ranked-high-usage,1148,true
ranked-0000855,https://static2.sharepointonline.com/,static2.sharepointonline.com,ranked-high-usage,1147,true
ranked-0000856,https://dc.services.visualstudio.com/,dc.services.visualstudio.com,ranked-high-usage,1146,true
ranked-0000857,https://ris.api.iris.microsoft.com/,ris.api.iris.microsoft.com,ranked-high-usage,1145,true
ranked-0000858,https://onetag-sys.com/,onetag-sys.com,ranked-high-usage,1144,true
ranked-0000859,https://snap.licdn.com/,snap.licdn.com,ranked-high-usage,1143,true
ranked-0000860,https://eu-office.events.data.microsoft.com/,eu-office.events.data.microsoft.com,ranked-high-usage,1142,true
ranked-0000861,https://wg.spotify.com/,wg.spotify.com,ranked-high-usage,1141,true
ranked-0000862,https://mask-api.fe2.apple-dns.net/,mask-api.fe2.apple-dns.net,ranked-high-usage,1140,true
ranked-0000863,https://dt.adsafeprotected.com/,dt.adsafeprotected.com,ranked-high-usage,1139,true
ranked-0000864,https://rtb-csync.smartadserver.com/,rtb-csync.smartadserver.com,ranked-high-usage,1138,true
ranked-0000865,https://unity3d.com/,unity3d.com,ranked-high-usage,1137,true
ranked-0000866,https://c1.adform.net/,c1.adform.net,ranked-high-usage,1136,true
ranked-0000867,https://spclient.wg.spotify.com/,spclient.wg.spotify.com,ranked-high-usage,1135,true
ranked-0000868,https://e3528.dscg.akamaiedge.net/,e3528.dscg.akamaiedge.net,ranked-high-usage,1134,true
ranked-0000869,https://msidentity.com/,msidentity.com,ranked-high-usage,1133,true
ranked-0000870,https://manulife-sinochem.com/,manulife-sinochem.com,ranked-high-usage,1132,true
ranked-0000871,https://drivefrontend-pa.clients6.google.com/,drivefrontend-pa.clients6.google.com,ranked-high-usage,1131,true
ranked-0000872,https://match.sharethrough.com/,match.sharethrough.com,ranked-high-usage,1130,true
ranked-0000873,https://giphy.com/,giphy.com,ranked-high-usage,1129,true
ranked-0000874,https://fwmrm.net/,fwmrm.net,ranked-high-usage,1128,true
ranked-0000875,https://gsas.apple.com/,gsas.apple.com,ranked-high-usage,1127,true
ranked-0000876,https://33across.com/,33across.com,ranked-high-usage,1126,true
ranked-0000877,https://static.whatsapp.net/,static.whatsapp.net,ranked-high-usage,1125,true
ranked-0000878,https://devices.a2z.com/,devices.a2z.com,ranked-high-usage,1124,true
ranked-0000879,https://hbopenbid.pubmatic.com/,hbopenbid.pubmatic.com,ranked-high-usage,1123,true
ranked-0000880,https://geo2.adobe.com/,geo2.adobe.com,ranked-high-usage,1122,true
ranked-0000881,https://acdcatm.outlook.mira.tm.svc.cloud.microsoft/,acdcatm.outlook.mira.tm.svc.cloud.microsoft,ranked-high-usage,1121,true
ranked-0000882,https://guzzoni.apple.com/,guzzoni.apple.com,ranked-high-usage,1120,true
ranked-0000883,https://adobedc.net/,adobedc.net,ranked-high-usage,1119,true
ranked-0000884,https://sitescout.com/,sitescout.com,ranked-high-usage,1118,true
ranked-0000885,https://smaato.net/,smaato.net,ranked-high-usage,1117,true
ranked-0000886,https://pinimg.com/,pinimg.com,ranked-high-usage,1116,true
ranked-0000887,https://skyhigh.cloud/,skyhigh.cloud,ranked-high-usage,1115,true
ranked-0000888,https://clientstream.launchdarkly.com/,clientstream.launchdarkly.com,ranked-high-usage,1114,true
ranked-0000889,https://qualtrics.com/,qualtrics.com,ranked-high-usage,1113,true
ranked-0000890,https://star.fallback.c10r.facebook.com/,star.fallback.c10r.facebook.com,ranked-high-usage,1112,true
ranked-0000891,https://ad.360yield.com/,ad.360yield.com,ranked-high-usage,1111,true
ranked-0000892,https://cf.iadsdk.apple.com/,cf.iadsdk.apple.com,ranked-high-usage,1110,true
ranked-0000893,https://ssp-sync.criteo.com/,ssp-sync.criteo.com,ranked-high-usage,1109,true
ranked-0000894,https://aefd.nelreports.net/,aefd.nelreports.net,ranked-high-usage,1108,true
ranked-0000895,https://signaler-pa.googleapis.com/,signaler-pa.googleapis.com,ranked-high-usage,1107,true
ranked-0000896,https://htlb.casalemedia.com/,htlb.casalemedia.com,ranked-high-usage,1106,true
ranked-0000897,https://gspe79-ssl-96.ls.apple.com/,gspe79-ssl-96.ls.apple.com,ranked-high-usage,1105,true
ranked-0000898,https://gdmf.v.aaplimg.com/,gdmf.v.aaplimg.com,ranked-high-usage,1104,true
ranked-0000899,https://yieldmo.com/,yieldmo.com,ranked-high-usage,1103,true
ranked-0000900,https://graph.whatsapp.com/,graph.whatsapp.com,ranked-high-usage,1102,true
ranked-0000901,https://b1sync.outbrain.com/,b1sync.outbrain.com,ranked-high-usage,1101,true
ranked-0000902,https://fa000000124.resources.office.net/,fa000000124.resources.office.net,ranked-high-usage,1100,true
ranked-0000903,https://atm.outlook.mira.tm.svc.cloud.microsoft/,atm.outlook.mira.tm.svc.cloud.microsoft,ranked-high-usage,1099,true
ranked-0000904,https://cdn.id5-sync.com/,cdn.id5-sync.com,ranked-high-usage,1098,true
ranked-0000905,https://valid.apple.com/,valid.apple.com,ranked-high-usage,1097,true
ranked-0000906,https://pixel-sync.sitescout.com/,pixel-sync.sitescout.com,ranked-high-usage,1096,true
ranked-0000907,https://branch.io/,branch.io,ranked-high-usage,1095,true
ranked-0000908,https://appsuggestions.teams.cloud.microsoft/,appsuggestions.teams.cloud.microsoft,ranked-high-usage,1094,true
ranked-0000909,https://prod.appsuggestions.teams.cloud.microsoft/,prod.appsuggestions.teams.cloud.microsoft,ranked-high-usage,1093,true
ranked-0000910,https://notification.m365.svc.cloud.microsoft/,notification.m365.svc.cloud.microsoft,ranked-high-usage,1092,true
ranked-0000911,https://wdcp.microsoft.com/,wdcp.microsoft.com,ranked-high-usage,1091,true
ranked-0000912,https://image8.pubmatic.com/,image8.pubmatic.com,ranked-high-usage,1090,true
ranked-0000913,https://bh.contextweb.com/,bh.contextweb.com,ranked-high-usage,1089,true
ranked-0000914,https://temu.com/,temu.com,ranked-high-usage,1088,true
ranked-0000915,https://rootca1.amazontrust.com/,rootca1.amazontrust.com,ranked-high-usage,1087,true
ranked-0000916,https://a-mo.net/,a-mo.net,ranked-high-usage,1086,true
ranked-0000917,https://ipredictive.com/,ipredictive.com,ranked-high-usage,1085,true
ranked-0000918,https://comodoca.com/,comodoca.com,ranked-high-usage,1084,true
ranked-0000919,https://postrelease.com/,postrelease.com,ranked-high-usage,1083,true
ranked-0000920,https://api2.amplitude.com/,api2.amplitude.com,ranked-high-usage,1082,true
ranked-0000921,https://sync-tm.everesttech.net/,sync-tm.everesttech.net,ranked-high-usage,1081,true
ranked-0000922,https://msftstatic.com/,msftstatic.com,ranked-high-usage,1080,true
ranked-0000923,https://r.msftstatic.com/,r.msftstatic.com,ranked-high-usage,1079,true
ranked-0000924,https://ent-nfc-api.msn.com/,ent-nfc-api.msn.com,ranked-high-usage,1078,true
ranked-0000925,https://adx.opera.com/,adx.opera.com,ranked-high-usage,1077,true
ranked-0000926,https://gc.apple.com/,gc.apple.com,ranked-high-usage,1076,true
ranked-0000927,https://indexww.com/,indexww.com,ranked-high-usage,1075,true
ranked-0000928,https://c10r.instagram.com/,c10r.instagram.com,ranked-high-usage,1074,true
ranked-0000929,https://ads.yieldmo.com/,ads.yieldmo.com,ranked-high-usage,1073,true
ranked-0000930,https://experiments.apple.com/,experiments.apple.com,ranked-high-usage,1072,true
ranked-0000931,https://fontawesome.com/,fontawesome.com,ranked-high-usage,1071,true
ranked-0000932,https://user-sync.fwmrm.net/,user-sync.fwmrm.net,ranked-high-usage,1070,true
ranked-0000933,https://eastus2.cloudapp.azure.com/,eastus2.cloudapp.azure.com,ranked-high-usage,1069,true
ranked-0000934,https://static.criteo.net/,static.criteo.net,ranked-high-usage,1068,true
ranked-0000935,https://people-pa.clients6.google.com/,people-pa.clients6.google.com,ranked-high-usage,1067,true
ranked-0000936,https://siteintercept.qualtrics.com/,siteintercept.qualtrics.com,ranked-high-usage,1066,true
ranked-0000937,https://security.microsoft.com/,security.microsoft.com,ranked-high-usage,1065,true
ranked-0000938,https://publicassets.cdn-apple.com/,publicassets.cdn-apple.com,ranked-high-usage,1064,true
ranked-0000939,https://cisco.com/,cisco.com,ranked-high-usage,1063,true
ranked-0000940,https://apple.com.edgesuite.net/,apple.com.edgesuite.net,ranked-high-usage,1062,true
ranked-0000941,https://ipify.org/,ipify.org,ranked-high-usage,1061,true
ranked-0000942,https://ad.smaato.net/,ad.smaato.net,ranked-high-usage,1060,true
ranked-0000943,https://applovin.com/,applovin.com,ranked-high-usage,1059,true
ranked-0000944,https://api.facebook.com/,api.facebook.com,ranked-high-usage,1058,true
ranked-0000945,https://officecdn.microsoft.com/,officecdn.microsoft.com,ranked-high-usage,1057,true
ranked-0000946,https://yt3.googleusercontent.com/,yt3.googleusercontent.com,ranked-high-usage,1056,true
ranked-0000947,https://endpoint.security.microsoft.com/,endpoint.security.microsoft.com,ranked-high-usage,1055,true
ranked-0000948,https://ocsp.rootca1.amazontrust.com/,ocsp.rootca1.amazontrust.com,ranked-high-usage,1054,true
ranked-0000949,https://rfihub.com/,rfihub.com,ranked-high-usage,1053,true
ranked-0000950,https://t.adx.opera.com/,t.adx.opera.com,ranked-high-usage,1052,true
ranked-0000951,https://media.licdn.com/,media.licdn.com,ranked-high-usage,1051,true
ranked-0000952,https://enterpriseregistration.windows.net/,enterpriseregistration.windows.net,ranked-high-usage,1050,true
ranked-0000953,https://ap.lijit.com/,ap.lijit.com,ranked-high-usage,1049,true
ranked-0000954,https://cdn-settings.appsflyersdk.com/,cdn-settings.appsflyersdk.com,ranked-high-usage,1048,true
ranked-0000955,https://elb.us-east-1.amazonaws.com/,elb.us-east-1.amazonaws.com,ranked-high-usage,1047,true
ranked-0000956,https://acdn.adnxs.com/,acdn.adnxs.com,ranked-high-usage,1046,true
ranked-0000957,https://time.android.com/,time.android.com,ranked-high-usage,1045,true
ranked-0000958,https://bybanking.com/,bybanking.com,ranked-high-usage,1044,true
ranked-0000959,https://dscapi9.akamai.net/,dscapi9.akamai.net,ranked-high-usage,1043,true
ranked-0000960,https://tools.google.com/,tools.google.com,ranked-high-usage,1042,true
ranked-0000961,https://s.ad.smaato.net/,s.ad.smaato.net,ranked-high-usage,1041,true
ranked-0000962,https://image6.pubmatic.com/,image6.pubmatic.com,ranked-high-usage,1040,true
ranked-0000963,https://u.openx.net/,u.openx.net,ranked-high-usage,1039,true
ranked-0000964,https://adobelogin.com/,adobelogin.com,ranked-high-usage,1038,true
ranked-0000965,https://23.in-addr.arpa/,23.in-addr.arpa,ranked-high-usage,1037,true
ranked-0000966,https://flurry.com/,flurry.com,ranked-high-usage,1036,true
ranked-0000967,https://redditstatic.com/,redditstatic.com,ranked-high-usage,1035,true
ranked-0000968,https://redditstatic.com/,redditstatic.com,ranked-high-usage,1034,true
ranked-0000969,https://ssbsync.smartadserver.com/,ssbsync.smartadserver.com,ranked-high-usage,1033,true
ranked-0000970,https://go-mpulse.net/,go-mpulse.net,ranked-high-usage,1032,true
ranked-0000971,https://gsp57-ssl-background.ls.apple.com/,gsp57-ssl-background.ls.apple.com,ranked-high-usage,1031,true
ranked-0000972,https://edge.digicert.com/,edge.digicert.com,ranked-high-usage,1030,true
ranked-0000973,https://cms.quantserve.com/,cms.quantserve.com,ranked-high-usage,1029,true
ranked-0000974,https://amp-api.apps.apple.com/,amp-api.apps.apple.com,ranked-high-usage,1028,true
ranked-0000975,https://fpinit-itunes.g.aaplimg.com/,fpinit-itunes.g.aaplimg.com,ranked-high-usage,1027,true
ranked-0000976,https://cambiumtds.com/,cambiumtds.com,ranked-high-usage,1026,true
ranked-0000977,https://rsrc.flurry.com/,rsrc.flurry.com,ranked-high-usage,1025,true
ranked-0000978,https://ocsp.comodoca.com/,ocsp.comodoca.com,ranked-high-usage,1024,true
ranked-0000979,https://dl.google.com/,dl.google.com,ranked-high-usage,1023,true
ranked-0000980,https://classlink.com/,classlink.com,ranked-high-usage,1022,true
ranked-0000981,https://loopme.me/,loopme.me,ranked-high-usage,1021,true
ranked-0000982,https://ms-acdc.office.com/,ms-acdc.office.com,ranked-high-usage,1020,true
ranked-0000983,https://netflix.net/,netflix.net,ranked-high-usage,1019,true
ranked-0000984,https://cosmic.office.net/,cosmic.office.net,ranked-high-usage,1018,true
ranked-0000985,https://sync.ipredictive.com/,sync.ipredictive.com,ranked-high-usage,1017,true
ranked-0000986,https://gdmf-ados.apple.com/,gdmf-ados.apple.com,ranked-high-usage,1016,true
ranked-0000987,https://csync.loopme.me/,csync.loopme.me,ranked-high-usage,1015,true
ranked-0000988,https://js-agent.newrelic.com/,js-agent.newrelic.com,ranked-high-usage,1014,true
ranked-0000989,https://readaloud.googleapis.com/,readaloud.googleapis.com,ranked-high-usage,1013,true
ranked-0000990,https://captive.g.aaplimg.com/,captive.g.aaplimg.com,ranked-high-usage,1012,true
ranked-0000991,https://tiktokcdn.com/,tiktokcdn.com,ranked-high-usage,1011,true
ranked-0000992,https://eu-1-id5-sync.com/,eu-1-id5-sync.com,ranked-high-usage,1010,true
ranked-0000993,https://webex.com/,webex.com,ranked-high-usage,1009,true
ranked-0000994,https://flashtalking.com/,flashtalking.com,ranked-high-usage,1008,true
ranked-0000995,https://jadserve.postrelease.com/,jadserve.postrelease.com,ranked-high-usage,1007,true
ranked-0000996,https://jsconfig.adsafeprotected.com/,jsconfig.adsafeprotected.com,ranked-high-usage,1006,true
ranked-0000997,https://static.xx.fbcdn.net/,static.xx.fbcdn.net,ranked-high-usage,1005,true
ranked-0000998,https://mixpanel.com/,mixpanel.com,ranked-high-usage,1004,true
ranked-0000999,https://disc501.prod.do.dsp.mp.microsoft.com/,disc501.prod.do.dsp.mp.microsoft.com,ranked-high-usage,1003,true
ranked-0001000,https://deepintent.com/,deepintent.com,ranked-high-usage,1002,true
ranked-0001001,https://disc801.prod.do.dsp.mp.microsoft.com/,disc801.prod.do.dsp.mp.microsoft.com,ranked-high-usage,1001,true
ranked-0001002,https://image2.pubmatic.com/,image2.pubmatic.com,ranked-high-usage,1000,true
ranked-0001003,https://api.amazon.com/,api.amazon.com,ranked-high-usage,999,true
ranked-0001004,https://apple.com.edgekey.net/,apple.com.edgekey.net,ranked-high-usage,998,true
ranked-0001005,https://inappcheck.itunes.apple.com/,inappcheck.itunes.apple.com,ranked-high-usage,997,true
ranked-0001006,https://tlx.3lift.com/,tlx.3lift.com,ranked-high-usage,996,true
ranked-0001007,https://hotjar.com/,hotjar.com,ranked-high-usage,995,true
ranked-0001008,https://bootstrapcdn.com/,bootstrapcdn.com,ranked-high-usage,994,true
ranked-0001009,https://pancake.g.aaplimg.com/,pancake.g.aaplimg.com,ranked-high-usage,993,true
ranked-0001010,https://events.launchdarkly.com/,events.launchdarkly.com,ranked-high-usage,992,true
ranked-0001011,https://world-gen.g.aaplimg.com/,world-gen.g.aaplimg.com,ranked-high-usage,991,true
ranked-0001012,https://gmail.com/,gmail.com,ranked-high-usage,990,true
ranked-0001013,https://mmx-ds.cdn.whatsapp.net/,mmx-ds.cdn.whatsapp.net,ranked-high-usage,989,true
ranked-0001014,https://beacons2.gvt2.com/,beacons2.gvt2.com,ranked-high-usage,988,true
ranked-0001015,https://simpli.fi/,simpli.fi,ranked-high-usage,987,true
ranked-0001016,https://a.akamaiedge.net/,a.akamaiedge.net,ranked-high-usage,986,true
ranked-0001017,https://tm-4.office.com/,tm-4.office.com,ranked-high-usage,985,true
ranked-0001018,https://sync.inmobi.com/,sync.inmobi.com,ranked-high-usage,984,true
ranked-0001019,https://company-target.com/,company-target.com,ranked-high-usage,983,true
ranked-0001020,https://unrulymedia.com/,unrulymedia.com,ranked-high-usage,982,true
ranked-0001021,https://godaddy.com/,godaddy.com,ranked-high-usage,981,true
ranked-0001022,https://targeting.unrulymedia.com/,targeting.unrulymedia.com,ranked-high-usage,980,true
ranked-0001023,https://partner.netflix.net/,partner.netflix.net,ranked-high-usage,979,true
ranked-0001024,https://prod.partner.netflix.net/,prod.partner.netflix.net,ranked-high-usage,978,true
ranked-0001025,https://seedtag.com/,seedtag.com,ranked-high-usage,977,true
ranked-0001026,https://alb.reddit.com/,alb.reddit.com,ranked-high-usage,976,true
ranked-0001027,https://amazon.com/,amazon.com,ranked-high-usage,975,true
ranked-0001028,https://excel-telemetry.officeapps.live.com/,excel-telemetry.officeapps.live.com,ranked-high-usage,974,true
ranked-0001029,https://moloco.com/,moloco.com,ranked-high-usage,973,true
ranked-0001030,https://aws.api.snapchat.com/,aws.api.snapchat.com,ranked-high-usage,972,true
ranked-0001031,https://js-sec.indexww.com/,js-sec.indexww.com,ranked-high-usage,971,true
ranked-0001032,https://omnitagjs.com/,omnitagjs.com,ranked-high-usage,970,true
ranked-0001033,https://dsp-api.moloco.com/,dsp-api.moloco.com,ranked-high-usage,969,true
ranked-0001034,https://lb.eu-1-id5-sync.com/,lb.eu-1-id5-sync.com,ranked-high-usage,968,true
ranked-0001035,https://hcaptcha.com/,hcaptcha.com,ranked-high-usage,967,true
ranked-0001036,https://admanmedia.com/,admanmedia.com,ranked-high-usage,966,true
ranked-0001037,https://strln.net/,strln.net,ranked-high-usage,965,true
ranked-0001038,https://tremorhub.com/,tremorhub.com,ranked-high-usage,964,true
ranked-0001039,https://com.trafficmanager.net/,com.trafficmanager.net,ranked-high-usage,963,true
ranked-0001040,https://ls.v.aaplimg.com/,ls.v.aaplimg.com,ranked-high-usage,962,true
ranked-0001041,https://config.aps.amazon-adsystem.com/,config.aps.amazon-adsystem.com,ranked-high-usage,961,true
ranked-0001042,https://p.rfihub.com/,p.rfihub.com,ranked-high-usage,960,true
ranked-0001043,https://match.deepintent.com/,match.deepintent.com,ranked-high-usage,959,true
ranked-0001044,https://pki.strln.net/,pki.strln.net,ranked-high-usage,958,true
ranked-0001045,https://cagenerator.pki.strln.net/,cagenerator.pki.strln.net,ranked-high-usage,957,true
ranked-0001046,https://prod.cagenerator.pki.strln.net/,prod.cagenerator.pki.strln.net,ranked-high-usage,956,true
ranked-0001047,https://crl.prod.cagenerator.pki.strln.net/,crl.prod.cagenerator.pki.strln.net,ranked-high-usage,955,true
ranked-0001048,https://configuration.ls.v.aaplimg.com/,configuration.ls.v.aaplimg.com,ranked-high-usage,954,true
ranked-0001049,https://cr.adobe.com/,cr.adobe.com,ranked-high-usage,953,true
ranked-0001050,https://dsct.akamai.net/,dsct.akamai.net,ranked-high-usage,952,true
ranked-0001051,https://crs.cr.adobe.com/,crs.cr.adobe.com,ranked-high-usage,951,true
ranked-0001052,https://gumgum.com/,gumgum.com,ranked-high-usage,950,true
ranked-0001053,https://ocsp.edge.digicert.com/,ocsp.edge.digicert.com,ranked-high-usage,949,true
ranked-0001054,https://myhuaweicloud.com/,myhuaweicloud.com,ranked-high-usage,948,true
ranked-0001055,https://hicloud.com/,hicloud.com,ranked-high-usage,947,true
ranked-0001056,https://instagram.c10r.instagram.com/,instagram.c10r.instagram.com,ranked-high-usage,946,true
ranked-0001057,https://stripe.com/,stripe.com,ranked-high-usage,945,true
ranked-0001058,https://ad.turn.com/,ad.turn.com,ranked-high-usage,944,true
ranked-0001059,https://ls2-apple.com.akadns.net/,ls2-apple.com.akadns.net,ranked-high-usage,943,true
ranked-0001060,https://s.seedtag.com/,s.seedtag.com,ranked-high-usage,942,true
ranked-0001061,https://grid-bidder.criteo.com/,grid-bidder.criteo.com,ranked-high-usage,941,true
ranked-0001062,https://mso.msidentity.com/,mso.msidentity.com,ranked-high-usage,940,true
ranked-0001063,https://api.ipify.org/,api.ipify.org,ranked-high-usage,939,true
ranked-0001064,https://acrobat.adobe.com/,acrobat.adobe.com,ranked-high-usage,938,true
ranked-0001065,https://firebaselogging.googleapis.com/,firebaselogging.googleapis.com,ranked-high-usage,937,true
ranked-0001066,https://ocsp.globalsign.com/,ocsp.globalsign.com,ranked-high-usage,936,true
ranked-0001067,https://chat.cdn.whatsapp.net/,chat.cdn.whatsapp.net,ranked-high-usage,935,true
ranked-0001068,https://run.app/,run.app,ranked-high-usage,934,true
ranked-0001069,https://nrdp.prod.ftl.netflix.com/,nrdp.prod.ftl.netflix.com,ranked-high-usage,933,true
ranked-0001070,https://acrobat.com/,acrobat.com,ranked-high-usage,932,true
ranked-0001071,https://cs.admanmedia.com/,cs.admanmedia.com,ranked-high-usage,931,true
ranked-0001072,https://taskassist-pa.clients6.google.com/,taskassist-pa.clients6.google.com,ranked-high-usage,930,true
ranked-0001073,https://yellowblue.io/,yellowblue.io,ranked-high-usage,929,true
ranked-0001074,https://3.in-addr.arpa/,3.in-addr.arpa,ranked-high-usage,928,true
ranked-0001075,https://nrdp.logs.netflix.com/,nrdp.logs.netflix.com,ranked-high-usage,927,true
ranked-0001076,https://ct.pinterest.com/,ct.pinterest.com,ranked-high-usage,926,true
ranked-0001077,https://login.mso.msidentity.com/,login.mso.msidentity.com,ranked-high-usage,925,true
ranked-0001078,https://calendar.google.com/,calendar.google.com,ranked-high-usage,924,true
ranked-0001079,https://kargo.com/,kargo.com,ranked-high-usage,923,true
ranked-0001080,https://w.hcaptcha.com/,w.hcaptcha.com,ranked-high-usage,922,true
ranked-0001081,https://simage2.pubmatic.com/,simage2.pubmatic.com,ranked-high-usage,921,true
ranked-0001082,https://recaptcha.net/,recaptcha.net,ranked-high-usage,920,true
ranked-0001083,https://health.apple.com/,health.apple.com,ranked-high-usage,919,true
ranked-0001084,https://on.aws/,on.aws,ranked-high-usage,918,true
ranked-0001085,https://usc-collabrtc.officeapps.live.com/,usc-collabrtc.officeapps.live.com,ranked-high-usage,917,true
ranked-0001086,https://static.hotjar.com/,static.hotjar.com,ranked-high-usage,916,true
ranked-0001087,https://tiktokw.us/,tiktokw.us,ranked-high-usage,915,true
ranked-0001088,https://sc-gw.com/,sc-gw.com,ranked-high-usage,914,true
ranked-0001089,https://apple-relay.cloudflare.com/,apple-relay.cloudflare.com,ranked-high-usage,913,true
ranked-0001090,https://init.gc.apple.com/,init.gc.apple.com,ranked-high-usage,912,true
ranked-0001091,https://c.go-mpulse.net/,c.go-mpulse.net,ranked-high-usage,911,true
ranked-0001092,https://trustarc.com/,trustarc.com,ranked-high-usage,910,true
ranked-0001093,https://ardownload3.adobe.com/,ardownload3.adobe.com,ranked-high-usage,909,true
ranked-0001094,https://prebid.a-mo.net/,prebid.a-mo.net,ranked-high-usage,908,true
ranked-0001095,https://diagnostics.office.com/,diagnostics.office.com,ranked-high-usage,907,true
ranked-0001096,https://tags.crwdcntrl.net/,tags.crwdcntrl.net,ranked-high-usage,906,true
ranked-0001097,https://star-mini.c10r.facebook.com/,star-mini.c10r.facebook.com,ranked-high-usage,905,true
ranked-0001098,https://cdn.taboola.com/,cdn.taboola.com,ranked-high-usage,904,true
ranked-0001099,https://secure.netflix.com/,secure.netflix.com,ranked-high-usage,903,true
ranked-0001100,https://3gppnetwork.org/,3gppnetwork.org,ranked-high-usage,902,true
ranked-0001101,https://pub.3gppnetwork.org/,pub.3gppnetwork.org,ranked-high-usage,901,true
ranked-0001102,https://challenges.cloudflare.com/,challenges.cloudflare.com,ranked-high-usage,900,true
ranked-0001103,https://acdc.tm.svc.cloud.microsoft/,acdc.tm.svc.cloud.microsoft,ranked-high-usage,899,true
ranked-0001104,https://fw.adsafeprotected.com/,fw.adsafeprotected.com,ranked-high-usage,898,true
ranked-0001105,https://gspe35-cdn.v.aaplimg.com/,gspe35-cdn.v.aaplimg.com,ranked-high-usage,897,true
ranked-0001106,https://kt-prod.v.aaplimg.com/,kt-prod.v.aaplimg.com,ranked-high-usage,896,true
ranked-0001107,https://ssl-images-amazon.com/,ssl-images-amazon.com,ranked-high-usage,895,true
ranked-0001108,https://sync.crwdcntrl.net/,sync.crwdcntrl.net,ranked-high-usage,894,true
ranked-0001109,https://api.sc-gw.com/,api.sc-gw.com,ranked-high-usage,893,true
ranked-0001110,https://outlook.acdc.tm.svc.cloud.microsoft/,outlook.acdc.tm.svc.cloud.microsoft,ranked-high-usage,892,true
ranked-0001111,https://client-api.itunes.apple.com/,client-api.itunes.apple.com,ranked-high-usage,891,true
ranked-0001112,https://spot-pa.googleapis.com/,spot-pa.googleapis.com,ranked-high-usage,890,true
ranked-0001113,https://sentinelone.net/,sentinelone.net,ranked-high-usage,889,true
ranked-0001114,https://shed.outlook.acdc.tm.svc.cloud.microsoft/,shed.outlook.acdc.tm.svc.cloud.microsoft,ranked-high-usage,888,true
ranked-0001115,https://ontology.health.apple.com/,ontology.health.apple.com,ranked-high-usage,887,true
ranked-0001116,https://query.ess.apple.com/,query.ess.apple.com,ranked-high-usage,886,true
ranked-0001117,https://us-east-2.amazonaws.com/,us-east-2.amazonaws.com,ranked-high-usage,885,true
ranked-0001118,https://instructure.com/,instructure.com,ranked-high-usage,884,true
ranked-0001119,https://lh5.googleusercontent.com/,lh5.googleusercontent.com,ranked-high-usage,883,true
ranked-0001120,https://recaptcha.net/,recaptcha.net,ranked-high-usage,882,true
ranked-0001121,https://aws-proxy-gcp.api.snapchat.com/,aws-proxy-gcp.api.snapchat.com,ranked-high-usage,881,true
ranked-0001122,https://servedby.flashtalking.com/,servedby.flashtalking.com,ranked-high-usage,880,true
ranked-0001123,https://preapp.prod.partner.netflix.net/,preapp.prod.partner.netflix.net,ranked-high-usage,879,true
ranked-0001124,https://crashlyticsreports-pa.googleapis.com/,crashlyticsreports-pa.googleapis.com,ranked-high-usage,878,true
ranked-0001125,https://m.adnxs.com/,m.adnxs.com,ranked-high-usage,877,true
ranked-0001126,https://lh4.googleusercontent.com/,lh4.googleusercontent.com,ranked-high-usage,876,true
ranked-0001127,https://gcp.api.snapchat.com/,gcp.api.snapchat.com,ranked-high-usage,875,true
ranked-0001128,https://mathtag.com/,mathtag.com,ranked-high-usage,874,true
ranked-0001129,https://pulse.treinamentotesvtmng2dev.ezviz7.com/,pulse.treinamentotesvtmng2dev.ezviz7.com,ranked-high-usage,873,true
ranked-0001130,https://acdc-direct.office.com/,acdc-direct.office.com,ranked-high-usage,872,true
ranked-0001131,https://g2.spotify.com/,g2.spotify.com,ranked-high-usage,871,true
ranked-0001132,https://analytics-ipv6.tiktokw.us/,analytics-ipv6.tiktokw.us,ranked-high-usage,870,true
ranked-0001133,https://freilassing.ru/,freilassing.ru,ranked-high-usage,869,true
ranked-0001134,https://dns.freilassing.ru/,dns.freilassing.ru,ranked-high-usage,868,true
ranked-0001135,https://lcs-cops.adobe.io/,lcs-cops.adobe.io,ranked-high-usage,867,true
ranked-0001136,https://ws.chatgpt.com/,ws.chatgpt.com,ranked-high-usage,866,true
ranked-0001137,https://richaudience.com/,richaudience.com,ranked-high-usage,865,true
ranked-0001138,https://ce.apple-dns.net/,ce.apple-dns.net,ranked-high-usage,864,true
ranked-0001139,https://lh6.googleusercontent.com/,lh6.googleusercontent.com,ranked-high-usage,863,true
ranked-0001140,https://ibyteimg.com/,ibyteimg.com,ranked-high-usage,862,true
ranked-0001141,https://deff.nelreports.net/,deff.nelreports.net,ranked-high-usage,861,true
ranked-0001142,https://pixel.adsafeprotected.com/,pixel.adsafeprotected.com,ranked-high-usage,860,true
ranked-0001143,https://musicstatus.itunes.apple.com/,musicstatus.itunes.apple.com,ranked-high-usage,859,true
ranked-0001144,https://qq.opendns.com/,qq.opendns.com,ranked-high-usage,858,true
ranked-0001145,https://hbx.media.net/,hbx.media.net,ranked-high-usage,857,true
ranked-0001146,https://itunes.apple.com.edgekey.net/,itunes.apple.com.edgekey.net,ranked-high-usage,856,true
ranked-0001147,https://amp-api-updates.apps.apple.com/,amp-api-updates.apps.apple.com,ranked-high-usage,855,true
ranked-0001148,https://dv.tech/,dv.tech,ranked-high-usage,854,true
ranked-0001149,https://chat-e2ee-mini.facebook.com/,chat-e2ee-mini.facebook.com,ranked-high-usage,853,true
ranked-0001150,https://tiktokcdn-us.com/,tiktokcdn-us.com,ranked-high-usage,852,true
ranked-0001151,https://gspe35-ssl.ls-apple.com.akadns.net/,gspe35-ssl.ls-apple.com.akadns.net,ranked-high-usage,851,true
ranked-0001152,https://static.adsafeprotected.com/,static.adsafeprotected.com,ranked-high-usage,850,true
ranked-0001153,https://services.adobe.com/,services.adobe.com,ranked-high-usage,849,true
ranked-0001154,https://mfadsrvr.com/,mfadsrvr.com,ranked-high-usage,848,true
ranked-0001155,https://crosfresnel-pa.googleapis.com/,crosfresnel-pa.googleapis.com,ranked-high-usage,847,true
ranked-0001156,https://amp-api-edge-lb.itunes-apple.com.akadns.net/,amp-api-edge-lb.itunes-apple.com.akadns.net,ranked-high-usage,846,true
ranked-0001157,https://wbx2.com/,wbx2.com,ranked-high-usage,845,true
ranked-0001158,https://gsp64-ssl.ls-apple.com.akadns.net/,gsp64-ssl.ls-apple.com.akadns.net,ranked-high-usage,844,true
ranked-0001159,https://axp.amazon-adsystem.com/,axp.amazon-adsystem.com,ranked-high-usage,843,true
ranked-0001160,https://platform.hicloud.com/,platform.hicloud.com,ranked-high-usage,842,true
ranked-0001161,https://yimg.com/,yimg.com,ranked-high-usage,841,true
ranked-0001162,https://dgw-ig.c10r.facebook.com/,dgw-ig.c10r.facebook.com,ranked-high-usage,840,true
ranked-0001163,https://presage.io/,presage.io,ranked-high-usage,839,true
ranked-0001164,https://wps.v.aaplimg.com/,wps.v.aaplimg.com,ranked-high-usage,838,true
ranked-0001165,https://dscapi6.akamai.net/,dscapi6.akamai.net,ranked-high-usage,837,true
ranked-0001166,https://gsp10-ssl.ls.apple.com/,gsp10-ssl.ls.apple.com,ranked-high-usage,836,true
ranked-0001167,https://tm-azurefd.net/,tm-azurefd.net,ranked-high-usage,835,true
ranked-0001168,https://r2m04.amazontrust.com/,r2m04.amazontrust.com,ranked-high-usage,834,true
ranked-0001169,https://applicationinsights.azure.com/,applicationinsights.azure.com,ranked-high-usage,833,true
ranked-0001170,https://rtb.mfadsrvr.com/,rtb.mfadsrvr.com,ranked-high-usage,832,true
ranked-0001171,https://mobile.pipe.aria.microsoft.com/,mobile.pipe.aria.microsoft.com,ranked-high-usage,831,true
ranked-0001172,https://vungle.com/,vungle.com,ranked-high-usage,830,true
ranked-0001173,https://mail-ads.google.com/,mail-ads.google.com,ranked-high-usage,829,true
ranked-0001174,https://sessions.bugsnag.com/,sessions.bugsnag.com,ranked-high-usage,828,true
ranked-0001175,https://um.simpli.fi/,um.simpli.fi,ranked-high-usage,827,true
ranked-0001176,https://maps.gstatic.com/,maps.gstatic.com,ranked-high-usage,826,true
ranked-0001177,https://s.yimg.com/,s.yimg.com,ranked-high-usage,825,true
ranked-0001178,https://ads.vungle.com/,ads.vungle.com,ranked-high-usage,824,true
ranked-0001179,https://manutouch.com.cn/,manutouch.com.cn,ranked-high-usage,823,true
ranked-0001180,https://in.applicationinsights.azure.com/,in.applicationinsights.azure.com,ranked-high-usage,822,true
ranked-0001181,https://sequoia.cdn-apple.com/,sequoia.cdn-apple.com,ranked-high-usage,821,true
ranked-0001182,https://swallow-apple-com.v.aaplimg.com/,swallow-apple-com.v.aaplimg.com,ranked-high-usage,820,true
ranked-0001183,https://tr.teams.microsoft.com/,tr.teams.microsoft.com,ranked-high-usage,819,true
ranked-0001184,https://microsoftazuread-sso.com/,microsoftazuread-sso.com,ranked-high-usage,818,true
ranked-0001185,https://autologon.microsoftazuread-sso.com/,autologon.microsoftazuread-sso.com,ranked-high-usage,817,true
ranked-0001186,https://sc-cdn.net/,sc-cdn.net,ranked-high-usage,816,true
ranked-0001187,https://firebaseremoteconfigrealtime.googleapis.com/,firebaseremoteconfigrealtime.googleapis.com,ranked-high-usage,815,true
ranked-0001188,https://skype.com.trafficmanager.net/,skype.com.trafficmanager.net,ranked-high-usage,814,true
ranked-0001189,https://a1366.dscapi6.akamai.net/,a1366.dscapi6.akamai.net,ranked-high-usage,813,true
ranked-0001190,https://pd.itunes.apple.com/,pd.itunes.apple.com,ranked-high-usage,812,true
ranked-0001191,https://unagi-na.amazon.com/,unagi-na.amazon.com,ranked-high-usage,811,true
ranked-0001192,https://edge.skype.com.trafficmanager.net/,edge.skype.com.trafficmanager.net,ranked-high-usage,810,true
ranked-0001193,https://dscr.akamai.net/,dscr.akamai.net,ranked-high-usage,809,true
ranked-0001194,https://dscd.akamai.net/,dscd.akamai.net,ranked-high-usage,808,true
ranked-0001195,https://blismedia.com/,blismedia.com,ranked-high-usage,807,true
ranked-0001196,https://s-microsoft.com/,s-microsoft.com,ranked-high-usage,806,true
ranked-0001197,https://searchnotifications-pa.googleapis.com/,searchnotifications-pa.googleapis.com,ranked-high-usage,805,true
ranked-0001198,https://tr.blismedia.com/,tr.blismedia.com,ranked-high-usage,804,true
ranked-0001199,https://excelonline.nel.measure.office.net/,excelonline.nel.measure.office.net,ranked-high-usage,803,true
ranked-0001200,https://config.edge.skype.com.trafficmanager.net/,config.edge.skype.com.trafficmanager.net,ranked-high-usage,802,true
ranked-0001201,https://collegeboard.org/,collegeboard.org,ranked-high-usage,801,true
ranked-0001202,https://img.youtube.com/,img.youtube.com,ranked-high-usage,800,true
ranked-0001203,https://adkernel.com/,adkernel.com,ranked-high-usage,799,true
ranked-0001204,https://dns.opendns.com/,dns.opendns.com,ranked-high-usage,798,true
ranked-0001205,https://g.akamaiedge.net/,g.akamaiedge.net,ranked-high-usage,797,true
ranked-0001206,https://analytics.twitter.com/,analytics.twitter.com,ranked-high-usage,796,true
ranked-0001207,https://assets-mercury.mzstatic.com/,assets-mercury.mzstatic.com,ranked-high-usage,795,true
ranked-0001208,https://apis.classlink.com/,apis.classlink.com,ranked-high-usage,794,true
ranked-0001209,https://fallback.c10r.instagram.com/,fallback.c10r.instagram.com,ranked-high-usage,793,true
ranked-0001210,https://sync.taboola.com/,sync.taboola.com,ranked-high-usage,792,true
ranked-0001211,https://azure.net/,azure.net,ranked-high-usage,791,true
ranked-0001212,https://aax-eu.amazon-adsystem.com/,aax-eu.amazon-adsystem.com,ranked-high-usage,790,true
ranked-0001213,https://forms.office.com/,forms.office.com,ranked-high-usage,789,true
ranked-0001214,https://watsonc.events.data.microsoft.com/,watsonc.events.data.microsoft.com,ranked-high-usage,788,true
ranked-0001215,https://dns.umbrella.com/,dns.umbrella.com,ranked-high-usage,787,true
ranked-0001216,https://t.co/,t.co,ranked-high-usage,786,true
ranked-0001217,https://web-banner.ads.aps.amazon-adsystem.com/,web-banner.ads.aps.amazon-adsystem.com,ranked-high-usage,785,true
ranked-0001218,https://itunes.g.aaplimg.com/,itunes.g.aaplimg.com,ranked-high-usage,784,true
ranked-0001219,https://sync.mathtag.com/,sync.mathtag.com,ranked-high-usage,783,true
ranked-0001220,https://connatix.com/,connatix.com,ranked-high-usage,782,true
ranked-0001221,https://office.mira.tm.svc.cloud.microsoft/,office.mira.tm.svc.cloud.microsoft,ranked-high-usage,781,true
ranked-0001222,https://images-na.ssl-images-amazon.com/,images-na.ssl-images-amazon.com,ranked-high-usage,780,true
ranked-0001223,https://cdn.branch.io/,cdn.branch.io,ranked-high-usage,779,true
ranked-0001224,https://ce.lijit.com/,ce.lijit.com,ranked-high-usage,778,true
ranked-0001225,https://s.pinimg.com/,s.pinimg.com,ranked-high-usage,777,true
ranked-0001226,https://sonobi.com/,sonobi.com,ranked-high-usage,776,true
ranked-0001227,https://go.sonobi.com/,go.sonobi.com,ranked-high-usage,775,true
ranked-0001228,https://profile.gc.apple.com/,profile.gc.apple.com,ranked-high-usage,774,true
ranked-0001229,https://lbs.eu-1-id5-sync.com/,lbs.eu-1-id5-sync.com,ranked-high-usage,773,true
ranked-0001230,https://sb-ssl.google.com/,sb-ssl.google.com,ranked-high-usage,772,true
ranked-0001231,https://insight.adsrvr.org/,insight.adsrvr.org,ranked-high-usage,771,true
ranked-0001232,https://ims-prod06.adobelogin.com/,ims-prod06.adobelogin.com,ranked-high-usage,770,true
ranked-0001233,https://tr.snapchat.com/,tr.snapchat.com,ranked-high-usage,769,true
ranked-0001234,https://secure-assets.rubiconproject.com/,secure-assets.rubiconproject.com,ranked-high-usage,768,true
ranked-0001235,https://samsung.com/,samsung.com,ranked-high-usage,767,true
ranked-0001236,https://visitor.omnitagjs.com/,visitor.omnitagjs.com,ranked-high-usage,766,true
ranked-0001237,https://youtube.googleapis.com/,youtube.googleapis.com,ranked-high-usage,765,true
ranked-0001238,https://usercontent.goog/,usercontent.goog,ranked-high-usage,764,true
ranked-0001239,https://connectivitycheck.platform.hicloud.com/,connectivitycheck.platform.hicloud.com,ranked-high-usage,763,true
ranked-0001240,https://onenote.static.microsoft/,onenote.static.microsoft,ranked-high-usage,762,true
ranked-0001241,https://npwuscdn.onenote.static.microsoft/,npwuscdn.onenote.static.microsoft,ranked-high-usage,761,true
ranked-0001242,https://chat.google.com/,chat.google.com,ranked-high-usage,760,true
ranked-0001243,https://dsp.360yield.com/,dsp.360yield.com,ranked-high-usage,759,true
ranked-0001244,https://ut.pubmatic.com/,ut.pubmatic.com,ranked-high-usage,758,true
ranked-0001245,https://api.rlcdn.com/,api.rlcdn.com,ranked-high-usage,757,true
ranked-0001246,https://52.in-addr.arpa/,52.in-addr.arpa,ranked-high-usage,756,true
ranked-0001247,https://news-edge.apple.com/,news-edge.apple.com,ranked-high-usage,755,true
ranked-0001248,https://ecs.nel.measure.office.net/,ecs.nel.measure.office.net,ranked-high-usage,754,true
ranked-0001249,https://usertrust.com/,usertrust.com,ranked-high-usage,753,true
ranked-0001250,https://pippio.com/,pippio.com,ranked-high-usage,752,true
ranked-0001251,https://nrdp52-appboot.netflix.com/,nrdp52-appboot.netflix.com,ranked-high-usage,751,true
ranked-0001252,https://lenovo.com/,lenovo.com,ranked-high-usage,750,true
ranked-0001253,https://static.gc.apple.com/,static.gc.apple.com,ranked-high-usage,749,true
ranked-0001254,https://eyeota.net/,eyeota.net,ranked-high-usage,748,true
ranked-0001255,https://cloud.netflix.com/,cloud.netflix.com,ranked-high-usage,747,true
ranked-0001256,https://prod.cloud.netflix.com/,prod.cloud.netflix.com,ranked-high-usage,746,true
ranked-0001257,https://l.googleusercontent.com/,l.googleusercontent.com,ranked-high-usage,745,true
ranked-0001258,https://imap.gmail.com/,imap.gmail.com,ranked-high-usage,744,true
ranked-0001259,https://ps.eyeota.net/,ps.eyeota.net,ranked-high-usage,743,true
ranked-0001260,https://app-analytics-v2.snapchat.com/,app-analytics-v2.snapchat.com,ranked-high-usage,742,true
ranked-0001261,https://live.com.akadns.net/,live.com.akadns.net,ranked-high-usage,741,true
ranked-0001262,https://gvt3.com/,gvt3.com,ranked-high-usage,740,true
ranked-0001263,https://beacons5.gvt3.com/,beacons5.gvt3.com,ranked-high-usage,739,true
ranked-0001264,https://dc-api.adobe.io/,dc-api.adobe.io,ranked-high-usage,738,true
ranked-0001265,https://prebid-server.rubiconproject.com/,prebid-server.rubiconproject.com,ranked-high-usage,737,true
ranked-0001266,https://scontent.cdninstagram.com/,scontent.cdninstagram.com,ranked-high-usage,736,true
ranked-0001267,https://oa.opera.com/,oa.opera.com,ranked-high-usage,735,true
ranked-0001268,https://redirector.googlevideo.com/,redirector.googlevideo.com,ranked-high-usage,734,true
ranked-0001269,https://intentiq.com/,intentiq.com,ranked-high-usage,733,true
ranked-0001270,https://semasio.net/,semasio.net,ranked-high-usage,732,true
ranked-0001271,https://ts01-b.cloudsink.net/,ts01-b.cloudsink.net,ranked-high-usage,731,true
ranked-0001272,https://us-east1-aws.api.snapchat.com/,us-east1-aws.api.snapchat.com,ranked-high-usage,730,true
ranked-0001273,https://tt.omtrdc.net/,tt.omtrdc.net,ranked-high-usage,729,true
ranked-0001274,https://fa000000110.resources.office.net/,fa000000110.resources.office.net,ranked-high-usage,728,true
ranked-0001275,https://cf-st.sc-cdn.net/,cf-st.sc-cdn.net,ranked-high-usage,727,true
ranked-0001276,https://capi.connatix.com/,capi.connatix.com,ranked-high-usage,726,true
ranked-0001277,https://android.pool.ntp.org/,android.pool.ntp.org,ranked-high-usage,725,true
ranked-0001278,https://atm.office.mira.tm.svc.cloud.microsoft/,atm.office.mira.tm.svc.cloud.microsoft,ranked-high-usage,724,true
ranked-0001279,https://ocsp.r2m04.amazontrust.com/,ocsp.r2m04.amazontrust.com,ranked-high-usage,723,true
ranked-0001280,https://pbs.yahoo.com/,pbs.yahoo.com,ranked-high-usage,722,true
ranked-0001281,https://history.google.com/,history.google.com,ranked-high-usage,721,true
ranked-0001282,https://xgapromomanager-pa.googleapis.com/,xgapromomanager-pa.googleapis.com,ranked-high-usage,720,true
ranked-0001283,https://d.akamai.net/,d.akamai.net,ranked-high-usage,719,true
ranked-0001284,https://fbsbx.com/,fbsbx.com,ranked-high-usage,718,true
ranked-0001285,https://guzzoni-apple-com.v.aaplimg.com/,guzzoni-apple-com.v.aaplimg.com,ranked-high-usage,717,true
ranked-0001286,https://54.in-addr.arpa/,54.in-addr.arpa,ranked-high-usage,716,true
ranked-0001287,https://datadoghq-browser-agent.com/,datadoghq-browser-agent.com,ranked-high-usage,715,true
ranked-0001288,https://datadoghq-browser-agent.com/,datadoghq-browser-agent.com,ranked-high-usage,714,true
ranked-0001289,https://s.youtube.com/,s.youtube.com,ranked-high-usage,713,true
ranked-0001290,https://2.android.pool.ntp.org/,2.android.pool.ntp.org,ranked-high-usage,712,true
ranked-0001291,https://js.stripe.com/,js.stripe.com,ranked-high-usage,711,true
ranked-0001292,https://sync.go.sonobi.com/,sync.go.sonobi.com,ranked-high-usage,710,true
ranked-0001293,https://iot.us-west-2.amazonaws.com/,iot.us-west-2.amazonaws.com,ranked-high-usage,709,true
ranked-0001294,https://azure-devices.net/,azure-devices.net,ranked-high-usage,708,true
ranked-0001295,https://apple.news/,apple.news,ranked-high-usage,707,true
ranked-0001296,https://whatsapp.com/,whatsapp.com,ranked-high-usage,706,true
ranked-0001297,https://logs.ads.vungle.com/,logs.ads.vungle.com,ranked-high-usage,705,true
ranked-0001298,https://c.apple.news/,c.apple.news,ranked-high-usage,704,true
ranked-0001299,https://duosecurity.com/,duosecurity.com,ranked-high-usage,703,true
ranked-0001300,https://ads-twitter.com/,ads-twitter.com,ranked-high-usage,702,true
ranked-0001301,https://static.ads-twitter.com/,static.ads-twitter.com,ranked-high-usage,701,true
ranked-0001302,https://prebid.media.net/,prebid.media.net,ranked-high-usage,700,true
ranked-0001303,https://vcf.bing.com/,vcf.bing.com,ranked-high-usage,699,true
ranked-0001304,https://star.fallback.c10r.instagram.com/,star.fallback.c10r.instagram.com,ranked-high-usage,698,true
ranked-0001305,https://18.in-addr.arpa/,18.in-addr.arpa,ranked-high-usage,697,true
ranked-0001306,https://sc.omtrdc.net/,sc.omtrdc.net,ranked-high-usage,696,true
ranked-0001307,https://mesu-cdn.apple.com.akadns.net/,mesu-cdn.apple.com.akadns.net,ranked-high-usage,695,true
ranked-0001308,https://chromeos-ca.gstatic.com/,chromeos-ca.gstatic.com,ranked-high-usage,694,true
ranked-0001309,https://sync.teads.tv/,sync.teads.tv,ranked-high-usage,693,true
ranked-0001310,https://web.whatsapp.com/,web.whatsapp.com,ranked-high-usage,692,true
ranked-0001311,https://bing.net/,bing.net,ranked-high-usage,691,true
ranked-0001312,https://espresso-pa.clients6.google.com/,espresso-pa.clients6.google.com,ranked-high-usage,690,true
ranked-0001313,https://ls.apple.com.edgesuite.net/,ls.apple.com.edgesuite.net,ranked-high-usage,689,true
ranked-0001314,https://stage.ezviz7.com/,stage.ezviz7.com,ranked-high-usage,688,true
ranked-0001315,https://s.company-target.com/,s.company-target.com,ranked-high-usage,687,true
ranked-0001316,https://aadg.akadns.net/,aadg.akadns.net,ranked-high-usage,686,true
ranked-0001317,https://prd.aadg.akadns.net/,prd.aadg.akadns.net,ranked-high-usage,685,true
ranked-0001318,https://fp.msedge.net/,fp.msedge.net,ranked-high-usage,684,true
ranked-0001319,https://idms-apple.com.akadns.net/,idms-apple.com.akadns.net,ranked-high-usage,683,true
ranked-0001320,https://atm-fp-direct.office.com/,atm-fp-direct.office.com,ranked-high-usage,682,true
ranked-0001321,https://accounts.doubleclick.net/,accounts.doubleclick.net,ranked-high-usage,681,true
ranked-0001322,https://translate-pa.googleapis.com/,translate-pa.googleapis.com,ranked-high-usage,680,true
ranked-0001323,https://trustedstack.com/,trustedstack.com,ranked-high-usage,679,true
ranked-0001324,https://sync.richaudience.com/,sync.richaudience.com,ranked-high-usage,678,true
ranked-0001325,https://binaries.templates.cdn.office.net/,binaries.templates.cdn.office.net,ranked-high-usage,677,true
ranked-0001326,https://ssc-cms.33across.com/,ssc-cms.33across.com,ranked-high-usage,676,true
ranked-0001327,https://us-central1-gcp.api.snapchat.com/,us-central1-gcp.api.snapchat.com,ranked-high-usage,675,true
ranked-0001328,https://westeurope.cloudapp.azure.com/,westeurope.cloudapp.azure.com,ranked-high-usage,674,true
ranked-0001329,https://cl3.g.aaplimg.com/,cl3.g.aaplimg.com,ranked-high-usage,673,true
ranked-0001330,https://appier.net/,appier.net,ranked-high-usage,672,true
ranked-0001331,https://tribalfusion.com/,tribalfusion.com,ranked-high-usage,671,true
ranked-0001332,https://scdn.co/,scdn.co,ranked-high-usage,670,true
ranked-0001333,https://ssbsync-global.smartadserver.com/,ssbsync-global.smartadserver.com,ranked-high-usage,669,true
ranked-0001334,https://mookie1.com/,mookie1.com,ranked-high-usage,668,true
ranked-0001335,https://translate.google.com/,translate.google.com,ranked-high-usage,667,true
ranked-0001336,https://nucleusvideo.hicloudcam.com/,nucleusvideo.hicloudcam.com,ranked-high-usage,666,true
ranked-0001337,https://apple-cloudkit.com/,apple-cloudkit.com,ranked-high-usage,665,true
ranked-0001338,https://c.appier.net/,c.appier.net,ranked-high-usage,664,true
ranked-0001339,https://btloader.com/,btloader.com,ranked-high-usage,663,true
ranked-0001340,https://direct.adsrvr.org/,direct.adsrvr.org,ranked-high-usage,662,true
ranked-0001341,https://sync.outbrain.com/,sync.outbrain.com,ranked-high-usage,661,true
ranked-0001342,https://ipcdn.g.aaplimg.com/,ipcdn.g.aaplimg.com,ranked-high-usage,660,true
ranked-0001343,https://app.launchdarkly.com/,app.launchdarkly.com,ranked-high-usage,659,true
ranked-0001344,https://apple-relay.fastly-edge.com/,apple-relay.fastly-edge.com,ranked-high-usage,658,true
ranked-0001345,https://api.apple-cloudkit.com/,api.apple-cloudkit.com,ranked-high-usage,657,true
ranked-0001346,https://optimizely.com/,optimizely.com,ranked-high-usage,656,true
ranked-0001347,https://epicgames.com/,epicgames.com,ranked-high-usage,655,true
ranked-0001348,https://adroll.com/,adroll.com,ranked-high-usage,654,true
ranked-0001349,https://disqus.com/,disqus.com,ranked-high-usage,653,true
ranked-0001350,https://dds.microsoft.com/,dds.microsoft.com,ranked-high-usage,652,true
ranked-0001351,https://to-do.office.com/,to-do.office.com,ranked-high-usage,651,true
ranked-0001352,https://tfkc.de/,tfkc.de,ranked-high-usage,650,true
ranked-0001353,https://events.endpoint.security.microsoft.com/,events.endpoint.security.microsoft.com,ranked-high-usage,649,true
ranked-0001354,https://a.prd.aadg.akadns.net/,a.prd.aadg.akadns.net,ranked-high-usage,648,true
ranked-0001355,https://hb.trustedstack.com/,hb.trustedstack.com,ranked-high-usage,647,true
ranked-0001356,https://intercom.io/,intercom.io,ranked-high-usage,646,true
ranked-0001357,https://us.endpoint.security.microsoft.com/,us.endpoint.security.microsoft.com,ranked-high-usage,645,true
ranked-0001358,https://ep2.facebook.com/,ep2.facebook.com,ranked-high-usage,644,true
ranked-0001359,https://minerva.devices.a2z.com/,minerva.devices.a2z.com,ranked-high-usage,643,true
ranked-0001360,https://service.minerva.devices.a2z.com/,service.minerva.devices.a2z.com,ranked-high-usage,642,true
ranked-0001361,https://us-east-1.prod.service.minerva.devices.a2z.com/,us-east-1.prod.service.minerva.devices.a2z.com,ranked-high-usage,641,true
ranked-0001362,https://prod.service.minerva.devices.a2z.com/,prod.service.minerva.devices.a2z.com,ranked-high-usage,640,true
ranked-0001363,https://cm.adform.net/,cm.adform.net,ranked-high-usage,639,true
ranked-0001364,https://adjust.com/,adjust.com,ranked-high-usage,638,true
ranked-0001365,https://m.stripe.com/,m.stripe.com,ranked-high-usage,637,true
ranked-0001366,https://to-do.microsoft.com/,to-do.microsoft.com,ranked-high-usage,636,true
ranked-0001367,https://launchpad.classlink.com/,launchpad.classlink.com,ranked-high-usage,635,true
ranked-0001368,https://contacts.fe2.apple-dns.net/,contacts.fe2.apple-dns.net,ranked-high-usage,634,true
ranked-0001369,https://a.tribalfusion.com/,a.tribalfusion.com,ranked-high-usage,633,true
ranked-0001370,https://ingage.tech/,ingage.tech,ranked-high-usage,632,true
ranked-0001371,https://stun1.l.google.com/,stun1.l.google.com,ranked-high-usage,631,true
ranked-0001372,https://partiality.itunes.apple.com/,partiality.itunes.apple.com,ranked-high-usage,630,true
ranked-0001373,https://adition.com/,adition.com,ranked-high-usage,629,true
ranked-0001374,https://truste.com/,truste.com,ranked-high-usage,628,true
ranked-0001375,https://imrworldwide.com/,imrworldwide.com,ranked-high-usage,627,true
ranked-0001376,https://bcp.crwdcntrl.net/,bcp.crwdcntrl.net,ranked-high-usage,626,true
ranked-0001377,https://adfarm1.adition.com/,adfarm1.adition.com,ranked-high-usage,625,true
ranked-0001378,https://appsgrowthpromo-pa.googleapis.com/,appsgrowthpromo-pa.googleapis.com,ranked-high-usage,624,true
ranked-0001379,https://dual-s-msedge.net/,dual-s-msedge.net,ranked-high-usage,623,true
ranked-0001380,https://smilewanted.com/,smilewanted.com,ranked-high-usage,622,true
ranked-0001381,https://d.adroll.com/,d.adroll.com,ranked-high-usage,621,true
ranked-0001382,https://ip-api.com/,ip-api.com,ranked-high-usage,620,true
ranked-0001383,https://tiktokv.us/,tiktokv.us,ranked-high-usage,619,true
ranked-0001384,https://spserv.microsoft.com/,spserv.microsoft.com,ranked-high-usage,618,true
ranked-0001385,https://mozilla.org/,mozilla.org,ranked-high-usage,617,true
ranked-0001386,https://nrdp.push.prod.netflix.com/,nrdp.push.prod.netflix.com,ranked-high-usage,616,true
ranked-0001387,https://b-graph.facebook.com/,b-graph.facebook.com,ranked-high-usage,615,true
ranked-0001388,https://ms-acdc-teams.office.com/,ms-acdc-teams.office.com,ranked-high-usage,614,true
ranked-0001389,https://has.spserv.microsoft.com/,has.spserv.microsoft.com,ranked-high-usage,613,true
ranked-0001390,https://a-mx.com/,a-mx.com,ranked-high-usage,612,true
ranked-0001391,https://array606.prod.do.dsp.mp.microsoft.com/,array606.prod.do.dsp.mp.microsoft.com,ranked-high-usage,611,true
ranked-0001392,https://id.a-mx.com/,id.a-mx.com,ranked-high-usage,610,true
ranked-0001393,https://updates.cdn-apple.com/,updates.cdn-apple.com,ranked-high-usage,609,true
ranked-0001394,https://fa000000051.mro1cdnstorage.public.onecdn.static.microsoft/,fa000000051.mro1cdnstorage.public.onecdn.static.microsoft,ranked-high-usage,608,true
ranked-0001395,https://34.in-addr.arpa/,34.in-addr.arpa,ranked-high-usage,607,true
ranked-0001396,https://feedback-pa.clients6.google.com/,feedback-pa.clients6.google.com,ranked-high-usage,606,true
ranked-0001397,https://uipglob.semasio.net/,uipglob.semasio.net,ranked-high-usage,605,true
ranked-0001398,https://ms-cookie-sync.presage.io/,ms-cookie-sync.presage.io,ranked-high-usage,604,true
ranked-0001399,https://lb-apple.com.akadns.net/,lb-apple.com.akadns.net,ranked-high-usage,603,true
ranked-0001400,https://fa000000145.mro1cdnstorage.public.onecdn.static.microsoft/,fa000000145.mro1cdnstorage.public.onecdn.static.microsoft,ranked-high-usage,602,true
ranked-0001401,https://dynatrace.com/,dynatrace.com,ranked-high-usage,601,true
ranked-0001402,https://bttrack.com/,bttrack.com,ranked-high-usage,600,true
ranked-0001403,https://notify.adobe.io/,notify.adobe.io,ranked-high-usage,599,true
ranked-0001404,https://svc.ms-acdc-teams.office.com/,svc.ms-acdc-teams.office.com,ranked-high-usage,598,true
ranked-0001405,https://js.adsrvr.org/,js.adsrvr.org,ranked-high-usage,597,true
ranked-0001406,https://worldaz.tr.teams.microsoft.com/,worldaz.tr.teams.microsoft.com,ranked-high-usage,596,true
ranked-0001407,https://api.id5-sync.com/,api.id5-sync.com,ranked-high-usage,595,true
ranked-0001408,https://sync.a-mo.net/,sync.a-mo.net,ranked-high-usage,594,true
ranked-0001409,https://global.fastly.net/,global.fastly.net,ranked-high-usage,593,true
ranked-0001410,https://googlehosted.l.googleusercontent.com/,googlehosted.l.googleusercontent.com,ranked-high-usage,592,true
ranked-0001411,https://firestore.googleapis.com/,firestore.googleapis.com,ranked-high-usage,591,true
ranked-0001412,https://weather.com/,weather.com,ranked-high-usage,590,true
ranked-0001413,https://simage4.pubmatic.com/,simage4.pubmatic.com,ranked-high-usage,589,true
ranked-0001414,https://data.trafficmanager.net/,data.trafficmanager.net,ranked-high-usage,588,true
ranked-0001415,https://cootlogix.com/,cootlogix.com,ranked-high-usage,587,true
ranked-0001416,https://b.akamaiedge.net/,b.akamaiedge.net,ranked-high-usage,586,true
ranked-0001417,https://microsoft.us/,microsoft.us,ranked-high-usage,585,true
ranked-0001418,https://northeurope.cloudapp.azure.com/,northeurope.cloudapp.azure.com,ranked-high-usage,584,true
ranked-0001419,https://ess-apple.com.akadns.net/,ess-apple.com.akadns.net,ranked-high-usage,583,true
ranked-0001420,https://weather-edge.apple.com/,weather-edge.apple.com,ranked-high-usage,582,true
ranked-0001421,https://courier-push-apple.com.akadns.net/,courier-push-apple.com.akadns.net,ranked-high-usage,581,true
ranked-0001422,https://rapid7.com/,rapid7.com,ranked-high-usage,580,true
ranked-0001423,https://sync.smartadserver.com/,sync.smartadserver.com,ranked-high-usage,579,true
ranked-0001424,https://s-0005.dual-s-msedge.net/,s-0005.dual-s-msedge.net,ranked-high-usage,578,true
ranked-0001425,https://privacymanager.io/,privacymanager.io,ranked-high-usage,577,true
ranked-0001426,https://cloudflare-dns.com/,cloudflare-dns.com,ranked-high-usage,576,true
ranked-0001427,https://dsp-cookie.adfarm1.adition.com/,dsp-cookie.adfarm1.adition.com,ranked-high-usage,575,true
ranked-0001428,https://store-images.s-microsoft.com/,store-images.s-microsoft.com,ranked-high-usage,574,true
ranked-0001429,https://datadog.pool.ntp.org/,datadog.pool.ntp.org,ranked-high-usage,573,true
ranked-0001430,https://ocsp.godaddy.com/,ocsp.godaddy.com,ranked-high-usage,572,true
ranked-0001431,https://init.push-apple.com.akadns.net/,init.push-apple.com.akadns.net,ranked-high-usage,571,true
ranked-0001432,https://rootg2.amazontrust.com/,rootg2.amazontrust.com,ranked-high-usage,570,true
ranked-0001433,https://rp.liadm.com/,rp.liadm.com,ranked-high-usage,569,true
ranked-0001434,https://events.data.trafficmanager.net/,events.data.trafficmanager.net,ranked-high-usage,568,true
ranked-0001435,https://stripe.network/,stripe.network,ranked-high-usage,567,true
ranked-0001436,https://app.collegeboard.org/,app.collegeboard.org,ranked-high-usage,566,true
ranked-0001437,https://incidents.diagnostics.office.com/,incidents.diagnostics.office.com,ranked-high-usage,565,true
ranked-0001438,https://locationhistory-pa.googleapis.com/,locationhistory-pa.googleapis.com,ranked-high-usage,564,true
ranked-0001439,https://bluebook.app.collegeboard.org/,bluebook.app.collegeboard.org,ranked-high-usage,563,true
ranked-0001440,https://nexusrules.officeapps.live.com/,nexusrules.officeapps.live.com,ranked-high-usage,562,true
ranked-0001441,https://ingress.rapid7.com/,ingress.rapid7.com,ranked-high-usage,561,true
ranked-0001442,https://endpoint.ingress.rapid7.com/,endpoint.ingress.rapid7.com,ranked-high-usage,560,true
ranked-0001443,https://cloudsearch.googleapis.com/,cloudsearch.googleapis.com,ranked-high-usage,559,true
ranked-0001444,https://app-ads-services.com/,app-ads-services.com,ranked-high-usage,558,true
ranked-0001445,https://sync.adkernel.com/,sync.adkernel.com,ranked-high-usage,557,true
ranked-0001446,https://m.stripe.network/,m.stripe.network,ranked-high-usage,556,true
ranked-0001447,https://rqtrk.eu/,rqtrk.eu,ranked-high-usage,555,true
ranked-0001448,https://142.in-addr.arpa/,142.in-addr.arpa,ranked-high-usage,554,true
ranked-0001449,https://maxcdn.bootstrapcdn.com/,maxcdn.bootstrapcdn.com,ranked-high-usage,553,true
ranked-0001450,https://on.epicgames.com/,on.epicgames.com,ranked-high-usage,552,true
ranked-0001451,https://t.oa.opera.com/,t.oa.opera.com,ranked-high-usage,551,true
ranked-0001452,https://csp-reporting.cloudflare.com/,csp-reporting.cloudflare.com,ranked-high-usage,550,true
ranked-0001453,https://crb.kargo.com/,crb.kargo.com,ranked-high-usage,549,true
ranked-0001454,https://ssp.disqus.com/,ssp.disqus.com,ranked-high-usage,548,true
ranked-0001455,https://thrtle.com/,thrtle.com,ranked-high-usage,547,true
ranked-0001456,https://ocsp.usertrust.com/,ocsp.usertrust.com,ranked-high-usage,546,true
ranked-0001457,https://sync.targeting.unrulymedia.com/,sync.targeting.unrulymedia.com,ranked-high-usage,545,true
ranked-0001458,https://downloaddispatch.itunes.apple.com/,downloaddispatch.itunes.apple.com,ranked-high-usage,544,true
ranked-0001459,https://iosapps.itunes.apple.com/,iosapps.itunes.apple.com,ranked-high-usage,543,true
ranked-0001460,https://msftauthimages.net/,msftauthimages.net,ranked-high-usage,542,true
ranked-0001461,https://thousandeyes.com/,thousandeyes.com,ranked-high-usage,541,true
ranked-0001462,https://twimg.com/,twimg.com,ranked-high-usage,540,true
ranked-0001463,https://4dex.io/,4dex.io,ranked-high-usage,539,true
ranked-0001464,https://choices.trustarc.com/,choices.trustarc.com,ranked-high-usage,538,true
ranked-0001465,https://dellupdater.dell.com/,dellupdater.dell.com,ranked-high-usage,537,true
ranked-0001466,https://b.akamai.net/,b.akamai.net,ranked-high-usage,536,true
ranked-0001467,https://aadcdn.msftauthimages.net/,aadcdn.msftauthimages.net,ranked-high-usage,535,true
ranked-0001468,https://choices.truste.com/,choices.truste.com,ranked-high-usage,534,true
ranked-0001469,https://whoami.akamai.net/,whoami.akamai.net,ranked-high-usage,533,true
ranked-0001470,https://appsflyer.com/,appsflyer.com,ranked-high-usage,532,true
ranked-0001471,https://sr-client-cfg.amplitude.com/,sr-client-cfg.amplitude.com,ranked-high-usage,531,true
ranked-0001472,https://netcts.cdn-apple.com/,netcts.cdn-apple.com,ranked-high-usage,530,true
ranked-0001473,https://api-global.netflix.com/,api-global.netflix.com,ranked-high-usage,529,true
ranked-0001474,https://script.hotjar.com/,script.hotjar.com,ranked-high-usage,528,true
ranked-0001475,https://cdn.flashtalking.com/,cdn.flashtalking.com,ranked-high-usage,527,true
ranked-0001476,https://media.apple.map.fastly.net/,media.apple.map.fastly.net,ranked-high-usage,526,true
ranked-0001477,https://smoot-feedback.v.aaplimg.com/,smoot-feedback.v.aaplimg.com,ranked-high-usage,525,true
ranked-0001478,https://growth-pa.googleapis.com/,growth-pa.googleapis.com,ranked-high-usage,524,true
ranked-0001479,https://apple-native-relay.mask.apple-dns.net/,apple-native-relay.mask.apple-dns.net,ranked-high-usage,523,true
ranked-0001480,https://clients.l.google.com/,clients.l.google.com,ranked-high-usage,522,true
ranked-0001481,https://cl2.g.aaplimg.com/,cl2.g.aaplimg.com,ranked-high-usage,521,true
ranked-0001482,https://ims-na1.adobelogin.com/,ims-na1.adobelogin.com,ranked-high-usage,520,true
ranked-0001483,https://h3.media.apple.map.fastly.net/,h3.media.apple.map.fastly.net,ranked-high-usage,519,true
ranked-0001484,https://gsp57-ssl-revgeo.ls.apple.com/,gsp57-ssl-revgeo.ls.apple.com,ranked-high-usage,518,true
ranked-0001485,https://rtb0.doubleverify.com/,rtb0.doubleverify.com,ranked-high-usage,517,true
ranked-0001486,https://rna-resource.acrobat.com/,rna-resource.acrobat.com,ranked-high-usage,516,true
ranked-0001487,https://urs.microsoft.com/,urs.microsoft.com,ranked-high-usage,515,true
ranked-0001488,https://mediago.io/,mediago.io,ranked-high-usage,514,true
ranked-0001489,https://use1a.on.epicgames.com/,use1a.on.epicgames.com,ranked-high-usage,513,true
ranked-0001490,https://hostedemail.com/,hostedemail.com,ranked-high-usage,512,true
ranked-0001491,https://go-amer.trouter.communications.svc.cloud.microsoft/,go-amer.trouter.communications.svc.cloud.microsoft,ranked-high-usage,511,true
ranked-0001492,https://cdn.optimizely.com/,cdn.optimizely.com,ranked-high-usage,510,true
ranked-0001493,https://aniview.com/,aniview.com,ranked-high-usage,509,true
ranked-0001494,https://csync.smilewanted.com/,csync.smilewanted.com,ranked-high-usage,508,true
ranked-0001495,https://a708.dsct.akamai.net/,a708.dsct.akamai.net,ranked-high-usage,507,true
ranked-0001496,https://ocws.officeapps.live.com/,ocws.officeapps.live.com,ranked-high-usage,506,true
ranked-0001497,https://apple-cloudkit.fe2.apple-dns.net/,apple-cloudkit.fe2.apple-dns.net,ranked-high-usage,505,true
ranked-0001498,https://api.apple-cloudkit.fe2.apple-dns.net/,api.apple-cloudkit.fe2.apple-dns.net,ranked-high-usage,504,true
ranked-0001499,https://apresolve.spotify.com/,apresolve.spotify.com,ranked-high-usage,503,true
ranked-0001500,https://cdn-h3.g.aaplimg.com/,cdn-h3.g.aaplimg.com,ranked-high-usage,502,true
ranked-0001501,https://use.fontawesome.com/,use.fontawesome.com,ranked-high-usage,501,true
ranked-0001502,https://people-companion.public.onecdn.static.microsoft/,people-companion.public.onecdn.static.microsoft,ranked-high-usage,500,true
ranked-0001503,https://courier2-push-apple.com.akadns.net/,courier2-push-apple.com.akadns.net,ranked-high-usage,499,true
ranked-0001504,https://entitlement.diagnostics.office.com/,entitlement.diagnostics.office.com,ranked-high-usage,498,true
ranked-0001505,https://ssl.google-analytics.com/,ssl.google-analytics.com,ranked-high-usage,497,true
ranked-0001506,https://virtualearth.net/,virtualearth.net,ranked-high-usage,496,true
ranked-0001507,https://dscg4.akamai.net/,dscg4.akamai.net,ranked-high-usage,495,true
ranked-0001508,https://mdav.us.endpoint.security.microsoft.com/,mdav.us.endpoint.security.microsoft.com,ranked-high-usage,494,true
ranked-0001509,https://script.ac/,script.ac,ranked-high-usage,493,true
ranked-0001510,https://tm.a.prd.aadg.akadns.net/,tm.a.prd.aadg.akadns.net,ranked-high-usage,492,true
ranked-0001511,https://contextual.media.net/,contextual.media.net,ranked-high-usage,491,true
ranked-0001512,https://tm.a.prd.aadg.akadns.net/,tm.a.prd.aadg.akadns.net,ranked-high-usage,490,true
ranked-0001513,https://privatelink.msidentity.com/,privatelink.msidentity.com,ranked-high-usage,489,true
ranked-0001514,https://loop.cloud.microsoft/,loop.cloud.microsoft,ranked-high-usage,488,true
ranked-0001515,https://wyzecam.com/,wyzecam.com,ranked-high-usage,487,true
ranked-0001516,https://tiqcdn.com/,tiqcdn.com,ranked-high-usage,486,true
ranked-0001517,https://a1838.dscw154.akamai.net/,a1838.dscw154.akamai.net,ranked-high-usage,485,true
ranked-0001518,https://deviceintegritytokens-pa.googleapis.com/,deviceintegritytokens-pa.googleapis.com,ranked-high-usage,484,true
ranked-0001519,https://ad-delivery.net/,ad-delivery.net,ranked-high-usage,483,true
ranked-0001520,https://3.au.download.windowsupdate.com/,3.au.download.windowsupdate.com,ranked-high-usage,482,true
ranked-0001521,https://online-metrix.net/,online-metrix.net,ranked-high-usage,481,true
ranked-0001522,https://s.go-mpulse.net/,s.go-mpulse.net,ranked-high-usage,480,true
ranked-0001523,https://pixel-config.reddit.com/,pixel-config.reddit.com,ranked-high-usage,479,true
ranked-0001524,https://d.agkn.com/,d.agkn.com,ranked-high-usage,478,true
ranked-0001525,https://ocsp.rootg2.amazontrust.com/,ocsp.rootg2.amazontrust.com,ranked-high-usage,477,true
ranked-0001526,https://tags.tiqcdn.com/,tags.tiqcdn.com,ranked-high-usage,476,true
ranked-0001527,https://stun.cloudflare.com/,stun.cloudflare.com,ranked-high-usage,475,true
ranked-0001528,https://notify.bugsnag.com/,notify.bugsnag.com,ranked-high-usage,474,true
ranked-0001529,https://adentifi.com/,adentifi.com,ranked-high-usage,473,true
ranked-0001530,https://microsoftaik.azure.net/,microsoftaik.azure.net,ranked-high-usage,472,true
ranked-0001531,https://1-courier.push.apple.com/,1-courier.push.apple.com,ranked-high-usage,471,true
ranked-0001532,https://ocsp2.globalsign.com/,ocsp2.globalsign.com,ranked-high-usage,470,true
ranked-0001533,https://addons-pa.googleapis.com/,addons-pa.googleapis.com,ranked-high-usage,469,true
ranked-0001534,https://acuityplatform.com/,acuityplatform.com,ranked-high-usage,468,true
ranked-0001535,https://pixel.quantserve.com/,pixel.quantserve.com,ranked-high-usage,467,true
ranked-0001536,https://sc-static.net/,sc-static.net,ranked-high-usage,466,true
ranked-0001537,https://api.weather.com/,api.weather.com,ranked-high-usage,465,true
ranked-0001538,https://a1051.dscg4.akamai.net/,a1051.dscg4.akamai.net,ranked-high-usage,464,true
ranked-0001539,https://fna.whatsapp.net/,fna.whatsapp.net,ranked-high-usage,463,true
ranked-0001540,https://samsungcloud.com/,samsungcloud.com,ranked-high-usage,462,true
ranked-0001541,https://hosted.loop.cloud.microsoft/,hosted.loop.cloud.microsoft,ranked-high-usage,461,true
ranked-0001542,https://am.dotaplabs.net/,am.dotaplabs.net,ranked-high-usage,460,true
ranked-0001543,https://sync.intentiq.com/,sync.intentiq.com,ranked-high-usage,459,true
ranked-0001544,https://mogujie.com/,mogujie.com,ranked-high-usage,458,true
ranked-0001545,https://dscd.akamaiedge.net/,dscd.akamaiedge.net,ranked-high-usage,457,true
ranked-0001546,https://image4.pubmatic.com/,image4.pubmatic.com,ranked-high-usage,456,true
ranked-0001547,https://aadg.trafficmanager.net/,aadg.trafficmanager.net,ranked-high-usage,455,true
ranked-0001548,https://w55c.net/,w55c.net,ranked-high-usage,454,true
ranked-0001549,https://shared.officeapps.live.com/,shared.officeapps.live.com,ranked-high-usage,453,true
ranked-0001550,https://cloud.unity3d.com/,cloud.unity3d.com,ranked-high-usage,452,true
ranked-0001551,https://prd.aadg.trafficmanager.net/,prd.aadg.trafficmanager.net,ranked-high-usage,451,true
ranked-0001552,https://eu-teams.events.data.microsoft.com/,eu-teams.events.data.microsoft.com,ranked-high-usage,450,true
ranked-0001553,https://bdec.microsoft.com/,bdec.microsoft.com,ranked-high-usage,449,true
ranked-0001554,https://core.bdec.microsoft.com/,core.bdec.microsoft.com,ranked-high-usage,448,true
ranked-0001555,https://api.btloader.com/,api.btloader.com,ranked-high-usage,447,true
ranked-0001556,https://dev.virtualearth.net/,dev.virtualearth.net,ranked-high-usage,446,true
ranked-0001557,https://apps-mzstatic-cdn.itunes-apple.com.akadns.net/,apps-mzstatic-cdn.itunes-apple.com.akadns.net,ranked-high-usage,445,true
ranked-0001558,https://us-east4-gcp.api.snapchat.com/,us-east4-gcp.api.snapchat.com,ranked-high-usage,444,true
ranked-0001559,https://segment.com/,segment.com,ranked-high-usage,443,true
ranked-0001560,https://instantmessaging-pa.googleapis.com/,instantmessaging-pa.googleapis.com,ranked-high-usage,442,true
ranked-0001561,https://teams-mrc-ww-perf.tm-4.office.com/,teams-mrc-ww-perf.tm-4.office.com,ranked-high-usage,441,true
ranked-0001562,https://spotifycdn.com/,spotifycdn.com,ranked-high-usage,440,true
ranked-0001563,https://segment.io/,segment.io,ranked-high-usage,439,true
ranked-0001564,https://jumpjump.io/,jumpjump.io,ranked-high-usage,438,true
ranked-0001565,https://adobe.com/,adobe.com,ranked-high-usage,437,true
ranked-0001566,https://securetoken.googleapis.com/,securetoken.googleapis.com,ranked-high-usage,436,true
ranked-0001567,https://bmw-motorrad.com.cn/,bmw-motorrad.com.cn,ranked-high-usage,435,true
ranked-0001568,https://api.wyzecam.com/,api.wyzecam.com,ranked-high-usage,434,true
ranked-0001569,https://rna-v2-resource.acrobat.com/,rna-v2-resource.acrobat.com,ranked-high-usage,433,true
ranked-0001570,https://workspace.google.com/,workspace.google.com,ranked-high-usage,432,true
ranked-0001571,https://minutemedia-prebid.com/,minutemedia-prebid.com,ranked-high-usage,431,true
ranked-0001572,https://pmbmonetize.live/,pmbmonetize.live,ranked-high-usage,430,true
ranked-0001573,https://amxrtb.com/,amxrtb.com,ranked-high-usage,429,true
ranked-0001574,https://sync.pmbmonetize.live/,sync.pmbmonetize.live,ranked-high-usage,428,true
ranked-0001575,https://csgdtm-svc-agent.dell.com/,csgdtm-svc-agent.dell.com,ranked-high-usage,427,true
ranked-0001576,https://sandbox.push.apple.com/,sandbox.push.apple.com,ranked-high-usage,426,true
ranked-0001577,https://eu-west-1.amazonaws.com/,eu-west-1.amazonaws.com,ranked-high-usage,425,true
ranked-0001578,https://ow1.res.office365.com/,ow1.res.office365.com,ranked-high-usage,424,true
ranked-0001579,https://enduser.adsrvr.org/,enduser.adsrvr.org,ranked-high-usage,423,true
ranked-0001580,https://photosdata-pa.googleapis.com/,photosdata-pa.googleapis.com,ranked-high-usage,422,true
ranked-0001581,https://inapps.appsflyersdk.com/,inapps.appsflyersdk.com,ranked-high-usage,421,true
ranked-0001582,https://e4805.dsca.akamaiedge.net/,e4805.dsca.akamaiedge.net,ranked-high-usage,420,true
ranked-0001583,https://setup.fe2.apple-dns.net/,setup.fe2.apple-dns.net,ranked-high-usage,419,true
ranked-0001584,https://a1556.dscapi9.akamai.net/,a1556.dscapi9.akamai.net,ranked-high-usage,418,true
ranked-0001585,https://api.segment.io/,api.segment.io,ranked-high-usage,417,true
ranked-0001586,https://d.turn.com/,d.turn.com,ranked-high-usage,416,true
ranked-0001587,https://gsp10-ssl.ls-apple.com.akadns.net/,gsp10-ssl.ls-apple.com.akadns.net,ranked-high-usage,415,true
ranked-0001588,https://usc1-gcp-v62.api.snapchat.com/,usc1-gcp-v62.api.snapchat.com,ranked-high-usage,414,true
ranked-0001589,https://media3.giphy.com/,media3.giphy.com,ranked-high-usage,413,true
ranked-0001590,https://mobileconfiguration-pa.googleapis.com/,mobileconfiguration-pa.googleapis.com,ranked-high-usage,412,true
ranked-0001591,https://a.prd.aadg.trafficmanager.net/,a.prd.aadg.trafficmanager.net,ranked-high-usage,411,true
ranked-0001592,https://fa000000129.resources.office.net/,fa000000129.resources.office.net,ranked-high-usage,410,true
ranked-0001593,https://amp-api-edge-cdn-lb.itunes-apple.com.akadns.net/,amp-api-edge-cdn-lb.itunes-apple.com.akadns.net,ranked-high-usage,409,true
ranked-0001594,https://i.scdn.co/,i.scdn.co,ranked-high-usage,408,true
ranked-0001595,https://dscx.akamaiedge.net/,dscx.akamaiedge.net,ranked-high-usage,407,true
ranked-0001596,https://sni.global.fastly.net/,sni.global.fastly.net,ranked-high-usage,406,true
ranked-0001597,https://ioc-gw-prod-us-1b.sentinelone.net/,ioc-gw-prod-us-1b.sentinelone.net,ranked-high-usage,405,true
ranked-0001598,https://cp10.cloudflare.com/,cp10.cloudflare.com,ranked-high-usage,404,true
ranked-0001599,https://ioc-gw-prod-us-1a.sentinelone.net/,ioc-gw-prod-us-1a.sentinelone.net,ranked-high-usage,403,true
ranked-0001600,https://44.in-addr.arpa/,44.in-addr.arpa,ranked-high-usage,402,true
ranked-0001601,https://unified.adsafeprotected.com/,unified.adsafeprotected.com,ranked-high-usage,401,true
ranked-0001602,https://p16-common-sign.tiktokcdn.com/,p16-common-sign.tiktokcdn.com,ranked-high-usage,400,true
ranked-0001603,https://okta.com/,okta.com,ranked-high-usage,399,true
ranked-0001604,https://dnsv2.jumpjump.io/,dnsv2.jumpjump.io,ranked-high-usage,398,true
ranked-0001605,https://footprints-pa.googleapis.com/,footprints-pa.googleapis.com,ranked-high-usage,397,true
ranked-0001606,https://pwa.cambiumtds.com/,pwa.cambiumtds.com,ranked-high-usage,396,true
ranked-0001607,https://rt.applovin.com/,rt.applovin.com,ranked-high-usage,395,true
ranked-0001608,https://life360.com/,life360.com,ranked-high-usage,394,true
ranked-0001609,https://inscloudgate.net/,inscloudgate.net,ranked-high-usage,393,true
ranked-0001610,https://me.com/,me.com,ranked-high-usage,392,true
ranked-0001611,https://time-a.nist.gov/,time-a.nist.gov,ranked-high-usage,391,true
ranked-0001612,https://vtrk.dv.tech/,vtrk.dv.tech,ranked-high-usage,390,true
ranked-0001613,https://crl4.digicert.com/,crl4.digicert.com,ranked-high-usage,389,true
ranked-0001614,https://mmg.whatsapp.net/,mmg.whatsapp.net,ranked-high-usage,388,true
ranked-0001615,https://a.amxrtb.com/,a.amxrtb.com,ranked-high-usage,387,true
ranked-0001616,https://dashnxdomain.net/,dashnxdomain.net,ranked-high-usage,386,true
ranked-0001617,https://mail.me.com/,mail.me.com,ranked-high-usage,385,true
ranked-0001618,https://mozilla.com/,mozilla.com,ranked-high-usage,384,true
ranked-0001619,https://media0.giphy.com/,media0.giphy.com,ranked-high-usage,383,true
ranked-0001620,https://amx1.net/,amx1.net,ranked-high-usage,382,true
ranked-0001621,https://bytewlb.akadns.net/,bytewlb.akadns.net,ranked-high-usage,381,true
ranked-0001622,https://entitlements-itunes.g.aaplimg.com/,entitlements-itunes.g.aaplimg.com,ranked-high-usage,380,true
ranked-0001623,https://ums.acuityplatform.com/,ums.acuityplatform.com,ranked-high-usage,379,true
ranked-0001624,https://msauthimages.net/,msauthimages.net,ranked-high-usage,378,true
ranked-0001625,https://wt.rqtrk.eu/,wt.rqtrk.eu,ranked-high-usage,377,true
ranked-0001626,https://amazon.co.za/,amazon.co.za,ranked-high-usage,376,true
ranked-0001627,https://services.mozilla.com/,services.mozilla.com,ranked-high-usage,375,true
ranked-0001628,https://odr.mookie1.com/,odr.mookie1.com,ranked-high-usage,374,true
ranked-0001629,https://ax-msedge.net/,ax-msedge.net,ranked-high-usage,373,true
ranked-0001630,https://mamservice.manage.microsoft.com/,mamservice.manage.microsoft.com,ranked-high-usage,372,true
ranked-0001631,https://vast.doubleverify.com/,vast.doubleverify.com,ranked-high-usage,371,true
ranked-0001632,https://devicelistenerprod.microsoft.com/,devicelistenerprod.microsoft.com,ranked-high-usage,370,true
ranked-0001633,https://aadcdn.msauthimages.net/,aadcdn.msauthimages.net,ranked-high-usage,369,true
ranked-0001634,https://media4.giphy.com/,media4.giphy.com,ranked-high-usage,368,true
ranked-0001635,https://caldav.fe2.apple-dns.net/,caldav.fe2.apple-dns.net,ranked-high-usage,367,true
ranked-0001636,https://usercontent.google.com/,usercontent.google.com,ranked-high-usage,366,true
ranked-0001637,https://ts.itunes.apple.com/,ts.itunes.apple.com,ranked-high-usage,365,true
ranked-0001638,https://mgid.com/,mgid.com,ranked-high-usage,364,true
ranked-0001639,https://t0.gstatic.com/,t0.gstatic.com,ranked-high-usage,363,true
ranked-0001640,https://r2m01.amazontrust.com/,r2m01.amazontrust.com,ranked-high-usage,362,true
ranked-0001641,https://nexus-websocket-a.intercom.io/,nexus-websocket-a.intercom.io,ranked-high-usage,361,true
ranked-0001642,https://myapps.classlink.com/,myapps.classlink.com,ranked-high-usage,360,true
ranked-0001643,https://pus5-collabhubrtc.officeapps.live.com/,pus5-collabhubrtc.officeapps.live.com,ranked-high-usage,359,true
ranked-0001644,https://jobs.amazon.co.za/,jobs.amazon.co.za,ranked-high-usage,358,true
ranked-0001645,https://dev.use1a.on.epicgames.com/,dev.use1a.on.epicgames.com,ranked-high-usage,357,true
ranked-0001646,https://cstat.g.aaplimg.com/,cstat.g.aaplimg.com,ranked-high-usage,356,true
ranked-0001647,https://i1.ytimg.com/,i1.ytimg.com,ranked-high-usage,355,true
ranked-0001648,https://rtb.adentifi.com/,rtb.adentifi.com,ranked-high-usage,354,true
ranked-0001649,https://gravatar.com/,gravatar.com,ranked-high-usage,353,true
ranked-0001650,https://he.net/,he.net,ranked-high-usage,352,true
ranked-0001651,https://teams.trafficmanager.net/,teams.trafficmanager.net,ranked-high-usage,351,true
ranked-0001652,https://searchlabspartnerservice-pa.googleapis.com/,searchlabspartnerservice-pa.googleapis.com,ranked-high-usage,350,true
ranked-0001653,https://akahost.net/,akahost.net,ranked-high-usage,349,true
ranked-0001654,https://rupload.facebook.com/,rupload.facebook.com,ranked-high-usage,348,true
ranked-0001655,https://ssl.com/,ssl.com,ranked-high-usage,347,true
ranked-0001656,https://cbae.dev.use1a.on.epicgames.com/,cbae.dev.use1a.on.epicgames.com,ranked-high-usage,346,true
ranked-0001657,https://chat-e2ee.facebook.com/,chat-e2ee.facebook.com,ranked-high-usage,345,true
ranked-0001658,https://aa.online-metrix.net/,aa.online-metrix.net,ranked-high-usage,344,true
ranked-0001659,https://uiboot.netflix.com/,uiboot.netflix.com,ranked-high-usage,343,true
ranked-0001660,https://weatherkit.apple.com.akadns.net/,weatherkit.apple.com.akadns.net,ranked-high-usage,342,true
ranked-0001661,https://ftstatic.com/,ftstatic.com,ranked-high-usage,341,true
ranked-0001662,https://ls4-apple.com.akadns.net/,ls4-apple.com.akadns.net,ranked-high-usage,340,true
ranked-0001663,https://idx.liadm.com/,idx.liadm.com,ranked-high-usage,339,true
ranked-0001664,https://downloads.dell.com/,downloads.dell.com,ranked-high-usage,338,true
ranked-0001665,https://background-weighted.ls4-apple.com.akadns.net/,background-weighted.ls4-apple.com.akadns.net,ranked-high-usage,337,true
ranked-0001666,https://geomobileservices-pa.googleapis.com/,geomobileservices-pa.googleapis.com,ranked-high-usage,336,true
ranked-0001667,https://gsp85-ssl.ls2-apple.com.akadns.net/,gsp85-ssl.ls2-apple.com.akadns.net,ranked-high-usage,335,true
ranked-0001668,https://35.in-addr.arpa/,35.in-addr.arpa,ranked-high-usage,334,true
ranked-0001669,https://bzrcdn.openai.com/,bzrcdn.openai.com,ranked-high-usage,333,true
ranked-0001670,https://array818.prod.do.dsp.mp.microsoft.com/,array818.prod.do.dsp.mp.microsoft.com,ranked-high-usage,332,true
ranked-0001671,https://cs-server-s2s.yellowblue.io/,cs-server-s2s.yellowblue.io,ranked-high-usage,331,true
ranked-0001672,https://time-b.nist.gov/,time-b.nist.gov,ranked-high-usage,330,true
ranked-0001673,https://dns.apple.com/,dns.apple.com,ranked-high-usage,329,true
ranked-0001674,https://doh.dns.apple.com/,doh.dns.apple.com,ranked-high-usage,328,true
ranked-0001675,https://eskimi.com/,eskimi.com,ranked-high-usage,327,true
ranked-0001676,https://c.2mdn.net/,c.2mdn.net,ranked-high-usage,326,true
ranked-0001677,https://pa.googleapis.com/,pa.googleapis.com,ranked-high-usage,325,true
ranked-0001678,https://net.akadns.net/,net.akadns.net,ranked-high-usage,324,true
ranked-0001679,https://media2.giphy.com/,media2.giphy.com,ranked-high-usage,323,true
ranked-0001680,https://attester.gateway.icloud.com/,attester.gateway.icloud.com,ranked-high-usage,322,true
ranked-0001681,https://media1.giphy.com/,media1.giphy.com,ranked-high-usage,321,true
ranked-0001682,https://ts01-gyr-maverick.cloudsink.net/,ts01-gyr-maverick.cloudsink.net,ranked-high-usage,320,true
ranked-0001683,https://api.mixpanel.com/,api.mixpanel.com,ranked-high-usage,319,true
ranked-0001684,https://api.endpoint.ingress.rapid7.com/,api.endpoint.ingress.rapid7.com,ranked-high-usage,318,true
ranked-0001685,https://gsa.idms-apple.com.akadns.net/,gsa.idms-apple.com.akadns.net,ranked-high-usage,317,true
ranked-0001686,https://cloudinary.com/,cloudinary.com,ranked-high-usage,316,true
ranked-0001687,https://partners.tremorhub.com/,partners.tremorhub.com,ranked-high-usage,315,true
ranked-0001688,https://tm.a.prd.aadg.trafficmanager.net/,tm.a.prd.aadg.trafficmanager.net,ranked-high-usage,314,true
ranked-0001689,https://com.akahost.net/,com.akahost.net,ranked-high-usage,313,true
ranked-0001690,https://device-api.wyzecam.com/,device-api.wyzecam.com,ranked-high-usage,312,true
ranked-0001691,https://fastclick.net/,fastclick.net,ranked-high-usage,311,true
ranked-0001692,https://mzstorekit.g.aaplimg.com/,mzstorekit.g.aaplimg.com,ranked-high-usage,310,true
ranked-0001693,https://odf.app-ads-services.com/,odf.app-ads-services.com,ranked-high-usage,309,true
ranked-0001694,https://cdn.fastclick.net/,cdn.fastclick.net,ranked-high-usage,308,true
ranked-0001695,https://exelator.com/,exelator.com,ranked-high-usage,307,true
ranked-0001696,https://secure.cdn.fastclick.net/,secure.cdn.fastclick.net,ranked-high-usage,306,true
ranked-0001697,https://pbs.twimg.com/,pbs.twimg.com,ranked-high-usage,305,true
ranked-0001698,https://bzr.openai.com/,bzr.openai.com,ranked-high-usage,304,true
ranked-0001699,https://mcafee.com/,mcafee.com,ranked-high-usage,303,true
ranked-0001700,https://wgcs.skyhigh.cloud/,wgcs.skyhigh.cloud,ranked-high-usage,302,true
ranked-0001701,https://onesignal.com/,onesignal.com,ranked-high-usage,301,true
ranked-0001702,https://tm.a.prd.aadg.trafficmanager.net/,tm.a.prd.aadg.trafficmanager.net,ranked-high-usage,300,true
ranked-0001703,https://bf.dynatrace.com/,bf.dynatrace.com,ranked-high-usage,299,true
ranked-0001704,https://1-courier.sandbox.push.apple.com/,1-courier.sandbox.push.apple.com,ranked-high-usage,298,true
ranked-0001705,https://ms.applovin.com/,ms.applovin.com,ranked-high-usage,297,true
ranked-0001706,https://fmt.he.net/,fmt.he.net,ranked-high-usage,296,true
ranked-0001707,https://clock.fmt.he.net/,clock.fmt.he.net,ranked-high-usage,295,true
ranked-0001708,https://13.in-addr.arpa/,13.in-addr.arpa,ranked-high-usage,294,true
ranked-0001709,https://fa000000128.resources.office.net/,fa000000128.resources.office.net,ranked-high-usage,293,true
ranked-0001710,https://array610.prod.do.dsp.mp.microsoft.com/,array610.prod.do.dsp.mp.microsoft.com,ranked-high-usage,292,true
ranked-0001711,https://config.svc.cloud.microsoft/,config.svc.cloud.microsoft,ranked-high-usage,291,true
ranked-0001712,https://app-site-association.g.aaplimg.com/,app-site-association.g.aaplimg.com,ranked-high-usage,290,true
ranked-0001713,https://github.com/,github.com,ranked-high-usage,289,true
ranked-0001714,https://g-fallback.whatsapp.net/,g-fallback.whatsapp.net,ranked-high-usage,288,true
ranked-0001715,https://ping-signals.urs.microsoft.com/,ping-signals.urs.microsoft.com,ranked-high-usage,287,true
ranked-0001716,https://st.pubmatic.com/,st.pubmatic.com,ranked-high-usage,286,true
ranked-0001717,https://digicert.com.akahost.net/,digicert.com.akahost.net,ranked-high-usage,285,true
ranked-0001718,https://cdp1.digicert.com.akahost.net/,cdp1.digicert.com.akahost.net,ranked-high-usage,284,true
ranked-0001719,https://quantcount.com/,quantcount.com,ranked-high-usage,283,true
ranked-0001720,https://ocsps.ssl.com/,ocsps.ssl.com,ranked-high-usage,282,true
ranked-0001721,https://inner-active.mobi/,inner-active.mobi,ranked-high-usage,281,true
ranked-0001722,https://sync.aniview.com/,sync.aniview.com,ranked-high-usage,280,true
ranked-0001723,https://meet.google.com/,meet.google.com,ranked-high-usage,279,true
ranked-0001724,https://openwebmp.com/,openwebmp.com,ranked-high-usage,278,true
ranked-0001725,https://init-p01md-lb.push-apple.com.akadns.net/,init-p01md-lb.push-apple.com.akadns.net,ranked-high-usage,277,true
ranked-0001726,https://mail-attachment.googleusercontent.com/,mail-attachment.googleusercontent.com,ranked-high-usage,276,true
ranked-0001727,https://cornell.edu/,cornell.edu,ranked-high-usage,275,true
ranked-0001728,https://rtb.gumgum.com/,rtb.gumgum.com,ranked-high-usage,274,true
ranked-0001729,https://gcdn.2mdn.net/,gcdn.2mdn.net,ranked-high-usage,273,true
ranked-0001730,https://images.taboola.com/,images.taboola.com,ranked-high-usage,272,true
ranked-0001731,https://qq.com/,qq.com,ranked-high-usage,271,true
ranked-0001732,https://b-cdn.net/,b-cdn.net,ranked-high-usage,270,true
ranked-0001733,https://eu-v20.events.data.microsoft.com/,eu-v20.events.data.microsoft.com,ranked-high-usage,269,true
ranked-0001734,https://3px.axp.amazon-adsystem.com/,3px.axp.amazon-adsystem.com,ranked-high-usage,268,true
ranked-0001735,https://aax.amazon-adsystem.com/,aax.amazon-adsystem.com,ranked-high-usage,267,true
ranked-0001736,https://tiktokpangle.us/,tiktokpangle.us,ranked-high-usage,266,true
ranked-0001737,https://time.nist.gov/,time.nist.gov,ranked-high-usage,265,true
ranked-0001738,https://dns-finder.com/,dns-finder.com,ranked-high-usage,264,true
ranked-0001739,https://mobilemaps-pa-gz.googleapis.com/,mobilemaps-pa-gz.googleapis.com,ranked-high-usage,263,true
ranked-0001740,https://smp-device-content.g.aaplimg.com/,smp-device-content.g.aaplimg.com,ranked-high-usage,262,true
ranked-0001741,https://cs.dds.microsoft.com/,cs.dds.microsoft.com,ranked-high-usage,261,true
ranked-0001742,https://ogads-pa.googleapis.com/,ogads-pa.googleapis.com,ranked-high-usage,260,true
ranked-0001743,https://bw9iawxl.com/,bw9iawxl.com,ranked-high-usage,259,true
ranked-0001744,https://zscaler.com/,zscaler.com,ranked-high-usage,258,true
ranked-0001745,https://agen-assets.ftstatic.com/,agen-assets.ftstatic.com,ranked-high-usage,257,true
ranked-0001746,https://content-storage-upload.googleapis.com/,content-storage-upload.googleapis.com,ranked-high-usage,256,true
ranked-0001747,https://play.itunes.apple.com/,play.itunes.apple.com,ranked-high-usage,255,true
ranked-0001748,https://configservice.wyzecam.com/,configservice.wyzecam.com,ranked-high-usage,254,true
ranked-0001749,https://aliyuncs.com/,aliyuncs.com,ranked-high-usage,253,true
ranked-0001750,https://bolt-gcdn.sc-cdn.net/,bolt-gcdn.sc-cdn.net,ranked-high-usage,252,true
ranked-0001751,https://agents.manage.microsoft.com/,agents.manage.microsoft.com,ranked-high-usage,251,true
ranked-0001752,https://www-apple-com.v.aaplimg.com/,www-apple-com.v.aaplimg.com,ranked-high-usage,250,true
ranked-0001753,https://amp-api-search-edge.apps.apple.com/,amp-api-search-edge.apps.apple.com,ranked-high-usage,249,true
ranked-0001754,https://www3.l.google.com/,www3.l.google.com,ranked-high-usage,248,true
ranked-0001755,https://prebid-match.dotomi.com/,prebid-match.dotomi.com,ranked-high-usage,247,true
ranked-0001756,https://cabana-server.cdn-apple.com/,cabana-server.cdn-apple.com,ranked-high-usage,246,true
ranked-0001757,https://salesforce.com/,salesforce.com,ranked-high-usage,245,true
ranked-0001758,https://array805.prod.do.dsp.mp.microsoft.com/,array805.prod.do.dsp.mp.microsoft.com,ranked-high-usage,244,true
ranked-0001759,https://sync.cootlogix.com/,sync.cootlogix.com,ranked-high-usage,243,true
ranked-0001760,https://ab.dns-finder.com/,ab.dns-finder.com,ranked-high-usage,242,true
ranked-0001761,https://myapps.apis.classlink.com/,myapps.apis.classlink.com,ranked-high-usage,241,true
ranked-0001762,https://bfmio.com/,bfmio.com,ranked-high-usage,240,true
ranked-0001763,https://ess.g.aaplimg.com/,ess.g.aaplimg.com,ranked-high-usage,239,true
ranked-0001764,https://usersync.gumgum.com/,usersync.gumgum.com,ranked-high-usage,238,true
ranked-0001765,https://init.ess.g.aaplimg.com/,init.ess.g.aaplimg.com,ranked-high-usage,237,true
ranked-0001766,https://edge-mqtt-fallback.facebook.com/,edge-mqtt-fallback.facebook.com,ranked-high-usage,236,true
ranked-0001767,https://nlnetlabs.nl/,nlnetlabs.nl,ranked-high-usage,235,true
ranked-0001768,https://dscb.akamai.net/,dscb.akamai.net,ranked-high-usage,234,true
ranked-0001769,https://suggestqueries.google.com/,suggestqueries.google.com,ranked-high-usage,233,true
ranked-0001770,https://1.courier-push-apple.com.akadns.net/,1.courier-push-apple.com.akadns.net,ranked-high-usage,232,true
ranked-0001771,https://zdxcloud.net/,zdxcloud.net,ranked-high-usage,231,true
ranked-0001772,https://ripe-hackathon4.nlnetlabs.nl/,ripe-hackathon4.nlnetlabs.nl,ranked-high-usage,230,true
ranked-0001773,https://drive-thirdparty.googleusercontent.com/,drive-thirdparty.googleusercontent.com,ranked-high-usage,229,true
ranked-0001774,https://a39.d.akamai.net/,a39.d.akamai.net,ranked-high-usage,228,true
ranked-0001775,https://me.apple-dns.net/,me.apple-dns.net,ranked-high-usage,227,true
ranked-0001776,https://rtc.svc.cloud.microsoft/,rtc.svc.cloud.microsoft,ranked-high-usage,226,true
ranked-0001777,https://ff1-collab.rtc.svc.cloud.microsoft/,ff1-collab.rtc.svc.cloud.microsoft,ranked-high-usage,225,true
ranked-0001778,https://tc.ripe-hackathon4.nlnetlabs.nl/,tc.ripe-hackathon4.nlnetlabs.nl,ranked-high-usage,224,true
ranked-0001779,https://mzstorekit.lb-apple.com.akadns.net/,mzstorekit.lb-apple.com.akadns.net,ranked-high-usage,223,true
ranked-0001780,https://cm.mgid.com/,cm.mgid.com,ranked-high-usage,222,true
ranked-0001781,https://huawei.com/,huawei.com,ranked-high-usage,221,true
ranked-0001782,https://sascdn.com/,sascdn.com,ranked-high-usage,220,true
ranked-0001783,https://msua04.manage.microsoft.com/,msua04.manage.microsoft.com,ranked-high-usage,219,true
ranked-0001784,https://duplex.snapchat.com/,duplex.snapchat.com,ranked-high-usage,218,true
ranked-0001785,https://aws.duplex.snapchat.com/,aws.duplex.snapchat.com,ranked-high-usage,217,true
ranked-0001786,https://snapkit.com/,snapkit.com,ranked-high-usage,216,true
ranked-0001787,https://kueezrtb.com/,kueezrtb.com,ranked-high-usage,215,true
ranked-0001788,https://api16-access-ttp.tiktokpangle.us/,api16-access-ttp.tiktokpangle.us,ranked-high-usage,214,true
ranked-0001789,https://time.cloudflare.com/,time.cloudflare.com,ranked-high-usage,213,true
ranked-0001790,https://shopify.com/,shopify.com,ranked-high-usage,212,true
ranked-0001791,https://oraclecloud.com/,oraclecloud.com,ranked-high-usage,211,true
ranked-0001792,https://ocsp.r2m01.amazontrust.com/,ocsp.r2m01.amazontrust.com,ranked-high-usage,210,true
ranked-0001793,https://ad.gt/,ad.gt,ranked-high-usage,209,true
ranked-0001794,https://z01.azurefd.net/,z01.azurefd.net,ranked-high-usage,208,true
ranked-0001795,https://ntp0.cornell.edu/,ntp0.cornell.edu,ranked-high-usage,207,true
ranked-0001796,https://streetviewpixels-pa.googleapis.com/,streetviewpixels-pa.googleapis.com,ranked-high-usage,206,true
ranked-0001797,https://eu-u.openx.net/,eu-u.openx.net,ranked-high-usage,205,true
ranked-0001798,https://ff1-collabrtc.officeapps.live.com/,ff1-collabrtc.officeapps.live.com,ranked-high-usage,204,true
ranked-0001799,https://cs.amx1.net/,cs.amx1.net,ranked-high-usage,203,true
ranked-0001800,https://ctnsnet.com/,ctnsnet.com,ranked-high-usage,202,true
ranked-0001801,https://appsgenaiserver-pa.googleapis.com/,appsgenaiserver-pa.googleapis.com,ranked-high-usage,201,true
ranked-0001802,https://cdp.cloud.unity3d.com/,cdp.cloud.unity3d.com,ranked-high-usage,200,true
ranked-0001803,https://chartbeat.net/,chartbeat.net,ranked-high-usage,199,true
ranked-0001804,https://lookaside.facebook.com/,lookaside.facebook.com,ranked-high-usage,198,true
ranked-0001805,https://music.apple.com/,music.apple.com,ranked-high-usage,197,true
ranked-0001806,https://account.samsung.com/,account.samsung.com,ranked-high-usage,196,true
ranked-0001807,https://sf-api-token-service.itunes.apple.com/,sf-api-token-service.itunes.apple.com,ranked-high-usage,195,true
ranked-0001808,https://awswaf.com/,awswaf.com,ranked-high-usage,194,true
ranked-0001809,https://ohttp-relay-safebrowsing-android.google.fastly-edge.com/,ohttp-relay-safebrowsing-android.google.fastly-edge.com,ranked-high-usage,193,true
ranked-0001810,https://sync.bfmio.com/,sync.bfmio.com,ranked-high-usage,192,true
ranked-0001811,https://play.samsungcloud.com/,play.samsungcloud.com,ranked-high-usage,191,true
ranked-0001812,https://hubspot.com/,hubspot.com,ranked-high-usage,190,true
ranked-0001813,https://cds.taboola.com/,cds.taboola.com,ranked-high-usage,189,true
ranked-0001814,https://waconatm.officeapps.live.com/,waconatm.officeapps.live.com,ranked-high-usage,188,true
ranked-0001815,https://copper6.com/,copper6.com,ranked-high-usage,187,true
ranked-0001816,https://d9.flashtalking.com/,d9.flashtalking.com,ranked-high-usage,186,true
ranked-0001817,https://grammarly.com/,grammarly.com,ranked-high-usage,185,true
ranked-0001818,https://c.youtube.com/,c.youtube.com,ranked-high-usage,184,true
ranked-0001819,https://trace.mediago.io/,trace.mediago.io,ranked-high-usage,183,true
ranked-0001820,https://gspe35-applecdn-cutover.ls-apple.com.akadns.net/,gspe35-applecdn-cutover.ls-apple.com.akadns.net,ranked-high-usage,182,true
ranked-0001821,https://b.c2r.ts.cdn.office.net/,b.c2r.ts.cdn.office.net,ranked-high-usage,181,true
ranked-0001822,https://gsas.idms-apple.com.akadns.net/,gsas.idms-apple.com.akadns.net,ranked-high-usage,180,true
ranked-0001823,https://analytics-events.apis.classlink.com/,analytics-events.apis.classlink.com,ranked-high-usage,179,true
ranked-0001824,https://agents.msua04.manage.microsoft.com/,agents.msua04.manage.microsoft.com,ranked-high-usage,178,true
ranked-0001825,https://cdn.shopify.com/,cdn.shopify.com,ranked-high-usage,177,true
ranked-0001826,https://robinfrontend-pa.googleapis.com/,robinfrontend-pa.googleapis.com,ranked-high-usage,176,true
ranked-0001827,https://adgrx.com/,adgrx.com,ranked-high-usage,175,true
ranked-0001828,https://ecn.dev.virtualearth.net/,ecn.dev.virtualearth.net,ranked-high-usage,174,true
ranked-0001829,https://roaming1.live.com.akadns.net/,roaming1.live.com.akadns.net,ranked-high-usage,173,true
ranked-0001830,https://intel.com/,intel.com,ranked-high-usage,172,true
ranked-0001831,https://insops.net/,insops.net,ranked-high-usage,171,true
ranked-0001832,https://ic3.events.data.microsoft.com/,ic3.events.data.microsoft.com,ranked-high-usage,170,true
ranked-0001833,https://sentry.insops.net/,sentry.insops.net,ranked-high-usage,169,true
ranked-0001834,https://redirector.gvt1.com/,redirector.gvt1.com,ranked-high-usage,168,true
ranked-0001835,https://gsa-gpk.apple.com/,gsa-gpk.apple.com,ranked-high-usage,167,true
ranked-0001836,https://lexicon.33across.com/,lexicon.33across.com,ranked-high-usage,166,true
ranked-0001837,https://waconafd.officeapps.live.com/,waconafd.officeapps.live.com,ranked-high-usage,165,true
ranked-0001838,https://whiteboard.microsoft.com/,whiteboard.microsoft.com,ranked-high-usage,164,true
ranked-0001839,https://dsum.casalemedia.com/,dsum.casalemedia.com,ranked-high-usage,163,true
ranked-0001840,https://api.snapkit.com/,api.snapkit.com,ranked-high-usage,162,true
ranked-0001841,https://ittpx.eskimi.com/,ittpx.eskimi.com,ranked-high-usage,161,true
ranked-0001842,https://smres.zdxcloud.net/,smres.zdxcloud.net,ranked-high-usage,160,true
ranked-0001843,https://mozilla.map.fastly.net/,mozilla.map.fastly.net,ranked-high-usage,159,true
ranked-0001844,https://tr6.snapchat.com/,tr6.snapchat.com,ranked-high-usage,158,true
ranked-0001845,https://syncingbridge.com/,syncingbridge.com,ranked-high-usage,157,true
ranked-0001846,https://tenable.com/,tenable.com,ranked-high-usage,156,true
ranked-0001847,https://clever.com/,clever.com,ranked-high-usage,155,true
ranked-0001848,https://yahoodns.net/,yahoodns.net,ranked-high-usage,154,true
ranked-0001849,https://common.mira.tm.svc.cloud.microsoft/,common.mira.tm.svc.cloud.microsoft,ranked-high-usage,153,true
ranked-0001850,https://mzstatic.v.aaplimg.com/,mzstatic.v.aaplimg.com,ranked-high-usage,152,true
ranked-0001851,https://obs.myhuaweicloud.com/,obs.myhuaweicloud.com,ranked-high-usage,151,true
ranked-0001852,https://s.mzstatic.v.aaplimg.com/,s.mzstatic.v.aaplimg.com,ranked-high-usage,150,true
ranked-0001853,https://device-config.v.aaplimg.com/,device-config.v.aaplimg.com,ranked-high-usage,149,true
ranked-0001854,https://csw.lenovo.com/,csw.lenovo.com,ranked-high-usage,148,true
ranked-0001855,https://csync.copper6.com/,csync.copper6.com,ranked-high-usage,147,true
ranked-0001856,https://news.iadsdk.apple.com/,news.iadsdk.apple.com,ranked-high-usage,146,true
ranked-0001857,https://d.akamaiedge.net/,d.akamaiedge.net,ranked-high-usage,145,true
ranked-0001858,https://cdn77.org/,cdn77.org,ranked-high-usage,144,true
ranked-0001859,https://cdn.btloader.com/,cdn.btloader.com,ranked-high-usage,143,true
ranked-0001860,https://voledevice-pa.googleapis.com/,voledevice-pa.googleapis.com,ranked-high-usage,142,true
ranked-0001861,https://w3-reporting-nel.reddit.com/,w3-reporting-nel.reddit.com,ranked-high-usage,141,true
ranked-0001862,https://bag-smoot.v.aaplimg.com/,bag-smoot.v.aaplimg.com,ranked-high-usage,140,true
ranked-0001863,https://cloud.tenable.com/,cloud.tenable.com,ranked-high-usage,139,true
ranked-0001864,https://rkdms.com/,rkdms.com,ranked-high-usage,138,true
ranked-0001865,https://inst-fs-iad-prod.inscloudgate.net/,inst-fs-iad-prod.inscloudgate.net,ranked-high-usage,137,true
ranked-0001866,https://lb.indexww.com/,lb.indexww.com,ranked-high-usage,136,true
ranked-0001867,https://b.hostedemail.com/,b.hostedemail.com,ranked-high-usage,135,true
ranked-0001868,https://cdn.api.btloader.com/,cdn.api.btloader.com,ranked-high-usage,134,true
ranked-0001869,https://voilatile-pa.googleapis.com/,voilatile-pa.googleapis.com,ranked-high-usage,133,true
ranked-0001870,https://bid.g.doubleclick.net/,bid.g.doubleclick.net,ranked-high-usage,132,true
ranked-0001871,https://cust.b.hostedemail.com/,cust.b.hostedemail.com,ranked-high-usage,131,true
ranked-0001872,https://unityads.unity3d.com/,unityads.unity3d.com,ranked-high-usage,130,true
ranked-0001873,https://msftncsi.com/,msftncsi.com,ranked-high-usage,129,true
ranked-0001874,https://ajs-assets.ftstatic.com/,ajs-assets.ftstatic.com,ranked-high-usage,128,true
ranked-0001875,https://springserve.com/,springserve.com,ranked-high-usage,127,true
ranked-0001876,https://quota.fe2.apple-dns.net/,quota.fe2.apple-dns.net,ranked-high-usage,126,true
ranked-0001877,https://sigproxy.qq.opendns.com/,sigproxy.qq.opendns.com,ranked-high-usage,125,true
ranked-0001878,https://hp.com/,hp.com,ranked-high-usage,124,true
ranked-0001879,https://api.account.samsung.com/,api.account.samsung.com,ranked-high-usage,123,true
ranked-0001880,https://onaudience.com/,onaudience.com,ranked-high-usage,122,true
ranked-0001881,https://cdn.classlink.com/,cdn.classlink.com,ranked-high-usage,121,true
ranked-0001882,https://zeotap.com/,zeotap.com,ranked-high-usage,120,true
ranked-0001883,https://lfodown01-gyr-maverick.cloudsink.net/,lfodown01-gyr-maverick.cloudsink.net,ranked-high-usage,119,true
ranked-0001884,https://du11hjcvx0uqb.cloudfront.net/,du11hjcvx0uqb.cloudfront.net,ranked-high-usage,118,true
ranked-0001885,https://a.teads.tv/,a.teads.tv,ranked-high-usage,117,true
ranked-0001886,https://251.142.in-addr.arpa/,251.142.in-addr.arpa,ranked-high-usage,116,true
ranked-0001887,https://drcedirect.com/,drcedirect.com,ranked-high-usage,115,true
ranked-0001888,https://identrust.com/,identrust.com,ranked-high-usage,114,true
ranked-0001889,https://ln-msedge.net/,ln-msedge.net,ranked-high-usage,113,true
ranked-0001890,https://printercloud.com/,printercloud.com,ranked-high-usage,112,true
ranked-0001891,https://cm.everesttech.net/,cm.everesttech.net,ranked-high-usage,111,true
ranked-0001892,https://payments-graph.facebook.com/,payments-graph.facebook.com,ranked-high-usage,110,true
ranked-0001893,https://com.akamaized.net/,com.akamaized.net,ranked-high-usage,109,true
ranked-0001894,https://grammarly.io/,grammarly.io,ranked-high-usage,108,true
ranked-0001895,https://spot.im/,spot.im,ranked-high-usage,107,true
ranked-0001896,https://android-context-data.googleapis.com/,android-context-data.googleapis.com,ranked-high-usage,106,true
ranked-0001897,https://sundaysky.com/,sundaysky.com,ranked-high-usage,105,true
ranked-0001898,https://bytedance.map.fastly.net/,bytedance.map.fastly.net,ranked-high-usage,104,true
ranked-0001899,https://d.applovin.com/,d.applovin.com,ranked-high-usage,103,true
ranked-0001900,https://cdn-download-prod.drcedirect.com/,cdn-download-prod.drcedirect.com,ranked-high-usage,102,true
ranked-0001901,https://settings.services.mozilla.com/,settings.services.mozilla.com,ranked-high-usage,101,true
ranked-0001902,https://uksouth.cloudapp.azure.com/,uksouth.cloudapp.azure.com,ranked-high-usage,100,true
ranked-0001903,https://atm.common.mira.tm.svc.cloud.microsoft/,atm.common.mira.tm.svc.cloud.microsoft,ranked-high-usage,99,true
ranked-0001904,https://firefox.settings.services.mozilla.com/,firefox.settings.services.mozilla.com,ranked-high-usage,98,true
ranked-0001905,https://star-mini.fallback.c10r.facebook.com/,star-mini.fallback.c10r.facebook.com,ranked-high-usage,97,true
ranked-0001906,https://auth.apis.classlink.com/,auth.apis.classlink.com,ranked-high-usage,96,true
ranked-0001907,https://adotmob.com/,adotmob.com,ranked-high-usage,95,true
ranked-0001908,https://winatp-gw-eus.microsoft.com/,winatp-gw-eus.microsoft.com,ranked-high-usage,94,true
ranked-0001909,https://ymmobi.com/,ymmobi.com,ranked-high-usage,93,true
ranked-0001910,https://gw-iad-bid.ymmobi.com/,gw-iad-bid.ymmobi.com,ranked-high-usage,92,true
ranked-0001911,https://e13678.dscb.akamaiedge.net/,e13678.dscb.akamaiedge.net,ranked-high-usage,91,true
ranked-0001912,https://sync.adotmob.com/,sync.adotmob.com,ranked-high-usage,90,true
ranked-0001913,https://login5.spotify.com/,login5.spotify.com,ranked-high-usage,89,true
ranked-0001914,https://ced-ns.sascdn.com/,ced-ns.sascdn.com,ranked-high-usage,88,true
ranked-0001915,https://filescdn.classlink.com/,filescdn.classlink.com,ranked-high-usage,87,true
ranked-0001916,https://samsungapps.com/,samsungapps.com,ranked-high-usage,86,true
ranked-0001917,https://classlink.io/,classlink.io,ranked-high-usage,85,true
ranked-0001918,https://aws-proxy-gcp.api.sc-gw.com/,aws-proxy-gcp.api.sc-gw.com,ranked-high-usage,84,true
ranked-0001919,https://invstatic101.creativecdn.com/,invstatic101.creativecdn.com,ranked-high-usage,83,true
ranked-0001920,https://advolve.io/,advolve.io,ranked-high-usage,82,true
ranked-0001921,https://1pst.e2ro.com/,1pst.e2ro.com,ranked-high-usage,81,true
ranked-0001922,https://footprintdns.com/,footprintdns.com,ranked-high-usage,80,true
ranked-0001923,https://prod.1pst.e2ro.com/,prod.1pst.e2ro.com,ranked-high-usage,79,true
ranked-0001924,https://cdn.dv.tech/,cdn.dv.tech,ranked-high-usage,78,true
ranked-0001925,https://hpdaas.com/,hpdaas.com,ranked-high-usage,77,true
ranked-0001926,https://pus8-collabhubrtc.officeapps.live.com/,pus8-collabhubrtc.officeapps.live.com,ranked-high-usage,76,true
ranked-0001927,https://cs.seedtag.com/,cs.seedtag.com,ranked-high-usage,75,true
ranked-0001928,https://webcontentassessor.com/,webcontentassessor.com,ranked-high-usage,74,true
ranked-0001929,https://pangle.io/,pangle.io,ranked-high-usage,73,true
ranked-0001930,https://adobess.com/,adobess.com,ranked-high-usage,72,true
ranked-0001931,https://telecommandsvc.microsoft.com/,telecommandsvc.microsoft.com,ranked-high-usage,71,true
ranked-0001932,https://telecommandsvc.microsoft.com/,telecommandsvc.microsoft.com,ranked-high-usage,70,true
ranked-0001933,https://onmicrosoft.com/,onmicrosoft.com,ranked-high-usage,69,true
ranked-0001934,https://media6degrees.com/,media6degrees.com,ranked-high-usage,68,true
ranked-0001935,https://europe.smartscreen.microsoft.com/,europe.smartscreen.microsoft.com,ranked-high-usage,67,true
ranked-0001936,https://playatoms-pa.googleapis.com/,playatoms-pa.googleapis.com,ranked-high-usage,66,true
ranked-0001937,https://zendesk.com/,zendesk.com,ranked-high-usage,65,true
ranked-0001938,https://cm-mx.advolve.io/,cm-mx.advolve.io,ranked-high-usage,64,true
ranked-0001939,https://proactivebackend-pa.googleapis.com/,proactivebackend-pa.googleapis.com,ranked-high-usage,63,true
ranked-0001940,https://amd-infra.itunes.g.aaplimg.com/,amd-infra.itunes.g.aaplimg.com,ranked-high-usage,62,true
ranked-0001941,https://dl-edge.smartscreen.microsoft.com/,dl-edge.smartscreen.microsoft.com,ranked-high-usage,61,true
ranked-0001942,https://h64.online-metrix.net/,h64.online-metrix.net,ranked-high-usage,60,true
ranked-0001943,https://onetrust.io/,onetrust.io,ranked-high-usage,59,true
ranked-0001944,https://geoedge.be/,geoedge.be,ranked-high-usage,58,true
ranked-0001945,https://amp-endpoint2.com/,amp-endpoint2.com,ranked-high-usage,57,true
ranked-0001946,https://vop.sundaysky.com/,vop.sundaysky.com,ranked-high-usage,56,true
ranked-0001947,https://browserleaks.org/,browserleaks.org,ranked-high-usage,55,true
ranked-0001948,https://pixel-us-east.rubiconproject.com/,pixel-us-east.rubiconproject.com,ranked-high-usage,54,true
ranked-0001949,https://geo.privacymanager.io/,geo.privacymanager.io,ranked-high-usage,53,true
ranked-0001950,https://gateway-asset.icloud-content.com/,gateway-asset.icloud-content.com,ranked-high-usage,52,true
ranked-0001951,https://arcus-uswest.amazon.com/,arcus-uswest.amazon.com,ranked-high-usage,51,true
ranked-0001952,https://aptrinsic.com/,aptrinsic.com,ranked-high-usage,50,true
ranked-0001953,https://lfodown01-b.cloudsink.net/,lfodown01-b.cloudsink.net,ranked-high-usage,49,true
ranked-0001954,https://0.datadog.pool.ntp.org/,0.datadog.pool.ntp.org,ranked-high-usage,48,true
ranked-0001955,https://mozgcp.net/,mozgcp.net,ranked-high-usage,47,true
ranked-0001956,https://cl4.g.aaplimg.com/,cl4.g.aaplimg.com,ranked-high-usage,46,true
ranked-0001957,https://iotcplatform.com/,iotcplatform.com,ranked-high-usage,45,true
ranked-0001958,https://beacon-iad6.rubiconproject.com/,beacon-iad6.rubiconproject.com,ranked-high-usage,44,true
ranked-0001959,https://csync.smartadserver.com/,csync.smartadserver.com,ranked-high-usage,43,true
ranked-0001960,https://api16-core.tiktokv.com/,api16-core.tiktokv.com,ranked-high-usage,42,true
ranked-0001961,https://ak.privatelink.msidentity.com/,ak.privatelink.msidentity.com,ranked-high-usage,41,true
ranked-0001962,https://cds-cdn.v.aaplimg.com/,cds-cdn.v.aaplimg.com,ranked-high-usage,40,true
ranked-0001963,https://wp.com/,wp.com,ranked-high-usage,39,true
ranked-0001964,https://fpinit.edge-itunes-apple.com.akadns.net/,fpinit.edge-itunes-apple.com.akadns.net,ranked-high-usage,38,true
ranked-0001965,https://marphezis.com/,marphezis.com,ranked-high-usage,37,true
ranked-0001966,https://api22-core.tiktokv.com/,api22-core.tiktokv.com,ranked-high-usage,36,true
ranked-0001967,https://location.life360.com/,location.life360.com,ranked-high-usage,35,true
ranked-0001968,https://ml314.com/,ml314.com,ranked-high-usage,34,true
ranked-0001969,https://sdkapi.dsp-api.moloco.com/,sdkapi.dsp-api.moloco.com,ranked-high-usage,33,true
ranked-0001970,https://pusher.com/,pusher.com,ranked-high-usage,32,true
ranked-0001971,https://aggr16-normal.tiktokv.us/,aggr16-normal.tiktokv.us,ranked-high-usage,31,true
ranked-0001972,https://tpsc-ue1.doubleverify.com/,tpsc-ue1.doubleverify.com,ranked-high-usage,30,true
ranked-0001973,https://amp-endpoint3.com/,amp-endpoint3.com,ranked-high-usage,29,true
ranked-0001974,https://us-v20.events.endpoint.security.microsoft.com/,us-v20.events.endpoint.security.microsoft.com,ranked-high-usage,28,true
ranked-0001975,https://array506.prod.do.dsp.mp.microsoft.com/,array506.prod.do.dsp.mp.microsoft.com,ranked-high-usage,27,true
ranked-0001976,https://px-cloud.net/,px-cloud.net,ranked-high-usage,26,true
ranked-0001977,https://contentsquare.net/,contentsquare.net,ranked-high-usage,25,true
ranked-0001978,https://telemetry.mozilla.org/,telemetry.mozilla.org,ranked-high-usage,24,true
ranked-0001979,https://incoming.telemetry.mozilla.org/,incoming.telemetry.mozilla.org,ranked-high-usage,23,true
ranked-0001980,https://array616.prod.do.dsp.mp.microsoft.com/,array616.prod.do.dsp.mp.microsoft.com,ranked-high-usage,22,true
ranked-0001981,https://sensor.cloud.tenable.com/,sensor.cloud.tenable.com,ranked-high-usage,21,true
ranked-0001982,https://array611.prod.do.dsp.mp.microsoft.com/,array611.prod.do.dsp.mp.microsoft.com,ranked-high-usage,20,true
ranked-0001983,https://ybp.yahoo.com/,ybp.yahoo.com,ranked-high-usage,19,true
ranked-0001984,https://shopifysvc.com/,shopifysvc.com,ranked-high-usage,18,true
ranked-0001985,https://rt.marphezis.com/,rt.marphezis.com,ranked-high-usage,17,true
ranked-0001986,https://mozilla.net/,mozilla.net,ranked-high-usage,16,true
ranked-0001987,https://commerce.microsoft.com/,commerce.microsoft.com,ranked-high-usage,15,true
ranked-0001988,https://cpe.dotomi.com/,cpe.dotomi.com,ranked-high-usage,14,true
ranked-0001989,https://a2047.dscapi9.akamai.net/,a2047.dscapi9.akamai.net,ranked-high-usage,13,true
ranked-0001990,https://ad.cpe.dotomi.com/,ad.cpe.dotomi.com,ranked-high-usage,12,true
ranked-0001991,https://array603.prod.do.dsp.mp.microsoft.com/,array603.prod.do.dsp.mp.microsoft.com,ranked-high-usage,11,true
ranked-0001992,https://filedownload.csw.lenovo.com/,filedownload.csw.lenovo.com,ranked-high-usage,10,true
ranked-0001993,https://us-sandbox-courier-4.push-apple.com.akadns.net/,us-sandbox-courier-4.push-apple.com.akadns.net,ranked-high-usage,9,true
ranked-0001994,https://encrypted-vtbn0.gstatic.com/,encrypted-vtbn0.gstatic.com,ranked-high-usage,8,true
ranked-0001995,https://mon16-normal-alisg.tiktokv.com/,mon16-normal-alisg.tiktokv.com,ranked-high-usage,7,true
ranked-0001996,https://excel.officeapps.live.com/,excel.officeapps.live.com,ranked-high-usage,6,true
ranked-0001997,https://us1.thousandeyes.com/,us1.thousandeyes.com,ranked-high-usage,5,true
ranked-0001998,https://proxy.safebrowsing.apple/,proxy.safebrowsing.apple,ranked-high-usage,4,true
ranked-0001999,https://francecentral.cloudapp.azure.com/,francecentral.cloudapp.azure.com,ranked-high-usage,3,true
ranked-0002000,https://technoratimedia.com/,technoratimedia.com,ranked-high-usage,2,true
